source,periodType,date,instrument,period,price
GFI,BITR,2026-08-03,TD3C,2026-08-01,429.44
GFI,BITR,2026-08-03,TD20,2026-08-01,207.5
GFI,BITR,2026-08-03,TD7,2026-08-01,213.33
GFI,BITR,2026-08-03,TD8,2026-08-01,310.67
GFI,BITR,2026-08-03,TD25,2026-08-01,380.56
GFI,BITR,2026-08-03,TD22,2026-08-01,19444444.0
GFI,BITR,2026-08-03,TD19,2026-08-01,243.06
GFI,MTD,2026-08-03,TD3C,2026-08-01,429.44
GFI,MTD,2026-08-03,TD20,2026-08-01,207.5
GFI,MTD,2026-08-03,TD7,2026-08-01,213.33
GFI,MTD,2026-08-03,TD8,2026-08-01,310.67
GFI,MTD,2026-08-03,TD25,2026-08-01,380.56
GFI,MTD,2026-08-03,TD22,2026-08-01,19444444.0
GFI,MTD,2026-08-03,TD19,2026-08-01,243.06
GFI,M,2026-08-03,TD3C,2026-08-01,405.0
GFI,M,2026-08-03,TD20,2026-08-01,13.4
GFI,M,2026-08-03,TD7,2026-08-01,192.0
GFI,M,2026-08-03,TD8,2026-08-01,250.0
GFI,M,2026-08-03,TD25,2026-08-01,123.86
GFI,M,2026-08-03,TD22,2026-08-01,18.0
GFI,M,2026-08-03,TD19,2026-08-01,240.0
GFI,M,2026-08-03,TD3C,2026-09-01,350.0
GFI,M,2026-08-03,TD20,2026-09-01,
GFI,M,2026-08-03,TD7,2026-09-01,170.0
GFI,M,2026-08-03,TD8,2026-09-01,210.0
GFI,M,2026-08-03,TD25,2026-09-01,
GFI,M,2026-08-03,TD22,2026-09-01,16.75
GFI,M,2026-08-03,TD19,2026-09-01,200.0
GFI,M,2026-08-03,TD3C,2026-10-01,295.0
GFI,M,2026-08-03,TD20,2026-10-01,
GFI,M,2026-08-03,TD7,2026-10-01,165.0
GFI,M,2026-08-03,TD8,2026-10-01,190.0
GFI,M,2026-08-03,TD25,2026-10-01,
GFI,M,2026-08-03,TD22,2026-10-01,16.75
GFI,M,2026-08-03,TD19,2026-10-01,165.0
GFI,M,2026-08-03,TD3C,2026-11-01,270.0
GFI,M,2026-08-03,TD20,2026-11-01,
GFI,M,2026-08-03,TD7,2026-11-01,162.0
GFI,M,2026-08-03,TD8,2026-11-01,200.0
GFI,M,2026-08-03,TD25,2026-11-01,
GFI,M,2026-08-03,TD22,2026-11-01,16.5
GFI,M,2026-08-03,TD19,2026-11-01,153.0
GFI,M,2026-08-03,TD3C,2026-12-01,260.0
GFI,M,2026-08-03,TD20,2026-12-01,
GFI,M,2026-08-03,TD7,2026-12-01,159.0
GFI,M,2026-08-03,TD8,2026-12-01,205.0
GFI,M,2026-08-03,TD25,2026-12-01,
GFI,M,2026-08-03,TD22,2026-12-01,16.25
GFI,M,2026-08-03,TD19,2026-12-01,150.0
GFI,Q,2026-08-03,TD3C,2026-10-01,275.0
GFI,Q,2026-08-03,TD20,2026-10-01,14.5
GFI,Q,2026-08-03,TD7,2026-10-01,162.0
GFI,Q,2026-08-03,TD8,2026-10-01,198.33
GFI,Q,2026-08-03,TD25,2026-10-01,137.37
GFI,Q,2026-08-03,TD22,2026-10-01,16.5
GFI,Q,2026-08-03,TD19,2026-10-01,156.0
GFI,Q,2026-08-03,TD3C,2027-01-01,173.18
GFI,Q,2026-08-03,TD20,2027-01-01,82.45
GFI,Q,2026-08-03,TD7,2027-01-01,144.13
GFI,Q,2026-08-03,TD8,2027-01-01,160.83
GFI,Q,2026-08-03,TD25,2027-01-01,238.23
GFI,Q,2026-08-03,TD22,2027-01-01,14.0
GFI,Q,2026-08-03,TD19,2027-01-01,122.51
GFI,Q,2026-08-03,TD3C,2027-04-01,26.0
GFI,Q,2026-08-03,TD20,2027-04-01,78.68
GFI,Q,2026-08-03,TD7,2027-04-01,13.4
GFI,Q,2026-08-03,TD8,2027-04-01,20.5
GFI,Q,2026-08-03,TD25,2027-04-01,27.61
GFI,Q,2026-08-03,TD22,2027-04-01,42.59
GFI,Q,2026-08-03,TD19,2027-04-01,13.25
GFI,A,2026-08-03,TD3C,2027-01-01,25.0
GFI,A,2026-08-03,TD20,2027-01-01,76.8
GFI,A,2026-08-03,TD7,2027-01-01,13.7
GFI,A,2026-08-03,TD8,2027-01-01,20.82
GFI,A,2026-08-03,TD25,2027-01-01,25.47
GFI,A,2026-08-03,TD22,2027-01-01,43.98
GFI,A,2026-08-03,TD19,2027-01-01,14.0
GFI,A,2026-08-03,TD3C,2028-01-01,16.25
GFI,A,2026-08-03,TD20,2028-01-01,66.61
GFI,A,2026-08-03,TD7,2028-01-01,12.7
GFI,A,2026-08-03,TD8,2028-01-01,20.25
GFI,A,2026-08-03,TD25,2028-01-01,23.23
GFI,A,2026-08-03,TD22,2028-01-01,30.37
GFI,A,2026-08-03,TD19,2028-01-01,13.55
GFI,BITR,2026-08-04,TD3C,2026-08-01,429.44
GFI,BITR,2026-08-04,TD20,2026-08-01,176.94
GFI,BITR,2026-08-04,TD7,2026-08-01,212.08
GFI,BITR,2026-08-04,TD8,2026-08-01,315.42
GFI,BITR,2026-08-04,TD25,2026-08-01,369.44
GFI,BITR,2026-08-04,TD22,2026-08-01,19166667.0
GFI,BITR,2026-08-04,TD19,2026-08-01,244.33
GFI,MTD,2026-08-04,TD3C,2026-08-01,429.44
GFI,MTD,2026-08-04,TD20,2026-08-01,192.22
GFI,MTD,2026-08-04,TD7,2026-08-01,212.71
GFI,MTD,2026-08-04,TD8,2026-08-01,313.05
GFI,MTD,2026-08-04,TD25,2026-08-01,375.0
GFI,MTD,2026-08-04,TD22,2026-08-01,19305555.5
GFI,MTD,2026-08-04,TD19,2026-08-01,243.69
GFI,M,2026-08-04,TD3C,2026-08-01,395.0
GFI,M,2026-08-04,TD20,2026-08-01,13.4
GFI,M,2026-08-04,TD7,2026-08-01,192.0
GFI,M,2026-08-04,TD8,2026-08-01,285.0
GFI,M,2026-08-04,TD25,2026-08-01,123.86
GFI,M,2026-08-04,TD22,2026-08-01,18.0
GFI,M,2026-08-04,TD19,2026-08-01,240.0
GFI,M,2026-08-04,TD3C,2026-09-01,347.5
GFI,M,2026-08-04,TD20,2026-09-01,
GFI,M,2026-08-04,TD7,2026-09-01,170.0
GFI,M,2026-08-04,TD8,2026-09-01,235.0
GFI,M,2026-08-04,TD25,2026-09-01,
GFI,M,2026-08-04,TD22,2026-09-01,16.75
GFI,M,2026-08-04,TD19,2026-09-01,200.0
GFI,M,2026-08-04,TD3C,2026-10-01,297.0
GFI,M,2026-08-04,TD20,2026-10-01,
GFI,M,2026-08-04,TD7,2026-10-01,165.0
GFI,M,2026-08-04,TD8,2026-10-01,205.0
GFI,M,2026-08-04,TD25,2026-10-01,
GFI,M,2026-08-04,TD22,2026-10-01,16.75
GFI,M,2026-08-04,TD19,2026-10-01,165.0
GFI,M,2026-08-04,TD3C,2026-11-01,269.0
GFI,M,2026-08-04,TD20,2026-11-01,
GFI,M,2026-08-04,TD7,2026-11-01,162.0
GFI,M,2026-08-04,TD8,2026-11-01,200.0
GFI,M,2026-08-04,TD25,2026-11-01,
GFI,M,2026-08-04,TD22,2026-11-01,16.5
GFI,M,2026-08-04,TD19,2026-11-01,153.0
GFI,M,2026-08-04,TD3C,2026-12-01,259.0
GFI,M,2026-08-04,TD20,2026-12-01,
GFI,M,2026-08-04,TD7,2026-12-01,159.0
GFI,M,2026-08-04,TD8,2026-12-01,195.0
GFI,M,2026-08-04,TD25,2026-12-01,
GFI,M,2026-08-04,TD22,2026-12-01,16.25
GFI,M,2026-08-04,TD19,2026-12-01,150.0
GFI,Q,2026-08-04,TD3C,2026-10-01,275.0
GFI,Q,2026-08-04,TD20,2026-10-01,14.5
GFI,Q,2026-08-04,TD7,2026-10-01,162.0
GFI,Q,2026-08-04,TD8,2026-10-01,200.0
GFI,Q,2026-08-04,TD25,2026-10-01,137.37
GFI,Q,2026-08-04,TD22,2026-10-01,16.5
GFI,Q,2026-08-04,TD19,2026-10-01,156.0
GFI,Q,2026-08-04,TD3C,2027-01-01,176.89
GFI,Q,2026-08-04,TD20,2027-01-01,82.45
GFI,Q,2026-08-04,TD7,2027-01-01,144.13
GFI,Q,2026-08-04,TD8,2027-01-01,160.83
GFI,Q,2026-08-04,TD25,2027-01-01,238.23
GFI,Q,2026-08-04,TD22,2027-01-01,14.0
GFI,Q,2026-08-04,TD19,2027-01-01,122.51
GFI,Q,2026-08-04,TD3C,2027-04-01,26.75
GFI,Q,2026-08-04,TD20,2027-04-01,78.68
GFI,Q,2026-08-04,TD7,2027-04-01,13.4
GFI,Q,2026-08-04,TD8,2027-04-01,20.5
GFI,Q,2026-08-04,TD25,2027-04-01,27.61
GFI,Q,2026-08-04,TD22,2027-04-01,42.59
GFI,Q,2026-08-04,TD19,2027-04-01,13.25
GFI,A,2026-08-04,TD3C,2027-01-01,25.5
GFI,A,2026-08-04,TD20,2027-01-01,76.8
GFI,A,2026-08-04,TD7,2027-01-01,13.7
GFI,A,2026-08-04,TD8,2027-01-01,20.82
GFI,A,2026-08-04,TD25,2027-01-01,25.47
GFI,A,2026-08-04,TD22,2027-01-01,43.98
GFI,A,2026-08-04,TD19,2027-01-01,14.0
GFI,A,2026-08-04,TD3C,2028-01-01,16.25
GFI,A,2026-08-04,TD20,2028-01-01,66.61
GFI,A,2026-08-04,TD7,2028-01-01,12.7
GFI,A,2026-08-04,TD8,2028-01-01,20.25
GFI,A,2026-08-04,TD25,2028-01-01,23.23
GFI,A,2026-08-04,TD22,2028-01-01,30.37
GFI,A,2026-08-04,TD19,2028-01-01,13.55
GFI,BITR,2026-08-05,TD3C,2026-08-01,432.22
GFI,BITR,2026-08-05,TD20,2026-08-01,172.5
GFI,BITR,2026-08-05,TD7,2026-08-01,212.5
GFI,BITR,2026-08-05,TD8,2026-08-01,318.0
GFI,BITR,2026-08-05,TD25,2026-08-01,341.67
GFI,BITR,2026-08-05,TD22,2026-08-01,18938889.0
GFI,BITR,2026-08-05,TD19,2026-08-01,243.72
GFI,MTD,2026-08-05,TD3C,2026-08-01,430.37
GFI,MTD,2026-08-05,TD20,2026-08-01,185.65
GFI,MTD,2026-08-05,TD7,2026-08-01,212.64
GFI,MTD,2026-08-05,TD8,2026-08-01,314.7
GFI,MTD,2026-08-05,TD25,2026-08-01,363.89
GFI,MTD,2026-08-05,TD22,2026-08-01,19183333.33
GFI,MTD,2026-08-05,TD19,2026-08-01,243.7
GFI,M,2026-08-05,TD3C,2026-08-01,395.0
GFI,M,2026-08-05,TD20,2026-08-01,13.4
GFI,M,2026-08-05,TD7,2026-08-01,192.0
GFI,M,2026-08-05,TD8,2026-08-01,295.0
GFI,M,2026-08-05,TD25,2026-08-01,123.86
GFI,M,2026-08-05,TD22,2026-08-01,20.0
GFI,M,2026-08-05,TD19,2026-08-01,240.0
GFI,M,2026-08-05,TD3C,2026-09-01,342.5
GFI,M,2026-08-05,TD20,2026-09-01,
GFI,M,2026-08-05,TD7,2026-09-01,170.0
GFI,M,2026-08-05,TD8,2026-09-01,235.0
GFI,M,2026-08-05,TD25,2026-09-01,
GFI,M,2026-08-05,TD22,2026-09-01,18.75
GFI,M,2026-08-05,TD19,2026-09-01,200.0
GFI,M,2026-08-05,TD3C,2026-10-01,280.0
GFI,M,2026-08-05,TD20,2026-10-01,
GFI,M,2026-08-05,TD7,2026-10-01,165.0
GFI,M,2026-08-05,TD8,2026-10-01,205.0
GFI,M,2026-08-05,TD25,2026-10-01,
GFI,M,2026-08-05,TD22,2026-10-01,18.5
GFI,M,2026-08-05,TD19,2026-10-01,165.0
GFI,M,2026-08-05,TD3C,2026-11-01,271.0
GFI,M,2026-08-05,TD20,2026-11-01,
GFI,M,2026-08-05,TD7,2026-11-01,162.0
GFI,M,2026-08-05,TD8,2026-11-01,200.0
GFI,M,2026-08-05,TD25,2026-11-01,
GFI,M,2026-08-05,TD22,2026-11-01,18.0
GFI,M,2026-08-05,TD19,2026-11-01,153.0
GFI,M,2026-08-05,TD3C,2026-12-01,259.0
GFI,M,2026-08-05,TD20,2026-12-01,
GFI,M,2026-08-05,TD7,2026-12-01,159.0
GFI,M,2026-08-05,TD8,2026-12-01,195.0
GFI,M,2026-08-05,TD25,2026-12-01,
GFI,M,2026-08-05,TD22,2026-12-01,17.5
GFI,M,2026-08-05,TD19,2026-12-01,150.0
GFI,Q,2026-08-05,TD3C,2026-10-01,270.0
GFI,Q,2026-08-05,TD20,2026-10-01,14.5
GFI,Q,2026-08-05,TD7,2026-10-01,162.0
GFI,Q,2026-08-05,TD8,2026-10-01,200.0
GFI,Q,2026-08-05,TD25,2026-10-01,137.37
GFI,Q,2026-08-05,TD22,2026-10-01,18.0
GFI,Q,2026-08-05,TD19,2026-10-01,156.0
GFI,Q,2026-08-05,TD3C,2027-01-01,176.15
GFI,Q,2026-08-05,TD20,2027-01-01,82.45
GFI,Q,2026-08-05,TD7,2027-01-01,144.13
GFI,Q,2026-08-05,TD8,2027-01-01,160.83
GFI,Q,2026-08-05,TD25,2027-01-01,238.23
GFI,Q,2026-08-05,TD22,2027-01-01,16.0
GFI,Q,2026-08-05,TD19,2027-01-01,122.51
GFI,Q,2026-08-05,TD3C,2027-04-01,26.7
GFI,Q,2026-08-05,TD20,2027-04-01,78.68
GFI,Q,2026-08-05,TD7,2027-04-01,13.4
GFI,Q,2026-08-05,TD8,2027-04-01,20.5
GFI,Q,2026-08-05,TD25,2027-04-01,27.61
GFI,Q,2026-08-05,TD22,2027-04-01,50.0
GFI,Q,2026-08-05,TD19,2027-04-01,13.25
GFI,A,2026-08-05,TD3C,2027-01-01,25.4
GFI,A,2026-08-05,TD20,2027-01-01,76.8
GFI,A,2026-08-05,TD7,2027-01-01,13.7
GFI,A,2026-08-05,TD8,2027-01-01,20.82
GFI,A,2026-08-05,TD25,2027-01-01,25.47
GFI,A,2026-08-05,TD22,2027-01-01,51.39
GFI,A,2026-08-05,TD19,2027-01-01,14.0
GFI,A,2026-08-05,TD3C,2028-01-01,16.25
GFI,A,2026-08-05,TD20,2028-01-01,66.61
GFI,A,2026-08-05,TD7,2028-01-01,12.7
GFI,A,2026-08-05,TD8,2028-01-01,20.25
GFI,A,2026-08-05,TD25,2028-01-01,23.23
GFI,A,2026-08-05,TD22,2028-01-01,35.19
GFI,A,2026-08-05,TD19,2028-01-01,13.55
GFI,BITR,2026-08-06,TD3C,2026-08-01,475.56
GFI,BITR,2026-08-06,TD20,2026-08-01,172.22
GFI,BITR,2026-08-06,TD7,2026-08-01,212.92
GFI,BITR,2026-08-06,TD8,2026-08-01,319.58
GFI,BITR,2026-08-06,TD25,2026-08-01,306.67
GFI,BITR,2026-08-06,TD22,2026-08-01,18766667.0
GFI,BITR,2026-08-06,TD19,2026-08-01,241.89
GFI,MTD,2026-08-06,TD3C,2026-08-01,441.67
GFI,MTD,2026-08-06,TD20,2026-08-01,182.29
GFI,MTD,2026-08-06,TD7,2026-08-01,212.71
GFI,MTD,2026-08-06,TD8,2026-08-01,315.92
GFI,MTD,2026-08-06,TD25,2026-08-01,349.58
GFI,MTD,2026-08-06,TD22,2026-08-01,19079166.75
GFI,MTD,2026-08-06,TD19,2026-08-01,243.25
GFI,M,2026-08-06,TD3C,2026-08-01,430.0
GFI,M,2026-08-06,TD20,2026-08-01,13.4
GFI,M,2026-08-06,TD7,2026-08-01,200.0
GFI,M,2026-08-06,TD8,2026-08-01,415.0
GFI,M,2026-08-06,TD25,2026-08-01,123.86
GFI,M,2026-08-06,TD22,2026-08-01,20.0
GFI,M,2026-08-06,TD19,2026-08-01,240.0
GFI,M,2026-08-06,TD3C,2026-09-01,370.0
GFI,M,2026-08-06,TD20,2026-09-01,
GFI,M,2026-08-06,TD7,2026-09-01,175.0
GFI,M,2026-08-06,TD8,2026-09-01,350.0
GFI,M,2026-08-06,TD25,2026-09-01,
GFI,M,2026-08-06,TD22,2026-09-01,18.75
GFI,M,2026-08-06,TD19,2026-09-01,200.0
GFI,M,2026-08-06,TD3C,2026-10-01,293.0
GFI,M,2026-08-06,TD20,2026-10-01,
GFI,M,2026-08-06,TD7,2026-10-01,165.0
GFI,M,2026-08-06,TD8,2026-10-01,280.0
GFI,M,2026-08-06,TD25,2026-10-01,
GFI,M,2026-08-06,TD22,2026-10-01,18.5
GFI,M,2026-08-06,TD19,2026-10-01,165.0
GFI,M,2026-08-06,TD3C,2026-11-01,280.0
GFI,M,2026-08-06,TD20,2026-11-01,
GFI,M,2026-08-06,TD7,2026-11-01,162.0
GFI,M,2026-08-06,TD8,2026-11-01,260.0
GFI,M,2026-08-06,TD25,2026-11-01,
GFI,M,2026-08-06,TD22,2026-11-01,18.0
GFI,M,2026-08-06,TD19,2026-11-01,153.0
GFI,M,2026-08-06,TD3C,2026-12-01,267.0
GFI,M,2026-08-06,TD20,2026-12-01,
GFI,M,2026-08-06,TD7,2026-12-01,159.0
GFI,M,2026-08-06,TD8,2026-12-01,240.0
GFI,M,2026-08-06,TD25,2026-12-01,
GFI,M,2026-08-06,TD22,2026-12-01,17.5
GFI,M,2026-08-06,TD19,2026-12-01,150.0
GFI,Q,2026-08-06,TD3C,2026-10-01,280.0
GFI,Q,2026-08-06,TD20,2026-10-01,14.5
GFI,Q,2026-08-06,TD7,2026-10-01,162.0
GFI,Q,2026-08-06,TD8,2026-10-01,260.0
GFI,Q,2026-08-06,TD25,2026-10-01,137.37
GFI,Q,2026-08-06,TD22,2026-10-01,18.0
GFI,Q,2026-08-06,TD19,2026-10-01,156.0
GFI,Q,2026-08-06,TD3C,2027-01-01,179.61
GFI,Q,2026-08-06,TD20,2027-01-01,82.45
GFI,Q,2026-08-06,TD7,2027-01-01,144.13
GFI,Q,2026-08-06,TD8,2027-01-01,160.83
GFI,Q,2026-08-06,TD25,2027-01-01,238.23
GFI,Q,2026-08-06,TD22,2027-01-01,16.0
GFI,Q,2026-08-06,TD19,2027-01-01,122.51
GFI,Q,2026-08-06,TD3C,2027-04-01,27.5
GFI,Q,2026-08-06,TD20,2027-04-01,78.68
GFI,Q,2026-08-06,TD7,2027-04-01,13.4
GFI,Q,2026-08-06,TD8,2027-04-01,20.5
GFI,Q,2026-08-06,TD25,2027-04-01,27.61
GFI,Q,2026-08-06,TD22,2027-04-01,50.0
GFI,Q,2026-08-06,TD19,2027-04-01,13.25
GFI,A,2026-08-06,TD3C,2027-01-01,25.95
GFI,A,2026-08-06,TD20,2027-01-01,76.8
GFI,A,2026-08-06,TD7,2027-01-01,13.7
GFI,A,2026-08-06,TD8,2027-01-01,20.82
GFI,A,2026-08-06,TD25,2027-01-01,25.47
GFI,A,2026-08-06,TD22,2027-01-01,51.39
GFI,A,2026-08-06,TD19,2027-01-01,14.0
GFI,A,2026-08-06,TD3C,2028-01-01,16.35
GFI,A,2026-08-06,TD20,2028-01-01,66.61
GFI,A,2026-08-06,TD7,2028-01-01,12.7
GFI,A,2026-08-06,TD8,2028-01-01,20.25
GFI,A,2026-08-06,TD25,2028-01-01,23.23
GFI,A,2026-08-06,TD22,2028-01-01,35.19
GFI,A,2026-08-06,TD19,2028-01-01,13.55
GFI,BITR,2026-08-07,TD3C,2026-08-01,490.0
GFI,BITR,2026-08-07,TD20,2026-08-01,177.5
GFI,BITR,2026-08-07,TD7,2026-08-01,212.92
GFI,BITR,2026-08-07,TD8,2026-08-01,325.0
GFI,BITR,2026-08-07,TD25,2026-08-01,312.22
GFI,BITR,2026-08-07,TD22,2026-08-01,18688889.0
GFI,BITR,2026-08-07,TD19,2026-08-01,240.56
GFI,MTD,2026-08-07,TD3C,2026-08-01,451.33
GFI,MTD,2026-08-07,TD20,2026-08-01,181.33
GFI,MTD,2026-08-07,TD7,2026-08-01,212.75
GFI,MTD,2026-08-07,TD8,2026-08-01,329.88
GFI,MTD,2026-08-07,TD25,2026-08-01,342.11
GFI,MTD,2026-08-07,TD22,2026-08-01,19001111.2
GFI,MTD,2026-08-07,TD19,2026-08-01,242.71
GFI,M,2026-08-07,TD3C,2026-08-01,460.0
GFI,M,2026-08-07,TD20,2026-08-01,13.4
GFI,M,2026-08-07,TD7,2026-08-01,210.0
GFI,M,2026-08-07,TD8,2026-08-01,415.0
GFI,M,2026-08-07,TD25,2026-08-01,123.86
GFI,M,2026-08-07,TD22,2026-08-01,20.0
GFI,M,2026-08-07,TD19,2026-08-01,240.0
GFI,M,2026-08-07,TD3C,2026-09-01,390.0
GFI,M,2026-08-07,TD20,2026-09-01,
GFI,M,2026-08-07,TD7,2026-09-01,200.0
GFI,M,2026-08-07,TD8,2026-09-01,350.0
GFI,M,2026-08-07,TD25,2026-09-01,
GFI,M,2026-08-07,TD22,2026-09-01,18.75
GFI,M,2026-08-07,TD19,2026-09-01,200.0
GFI,M,2026-08-07,TD3C,2026-10-01,304.0
GFI,M,2026-08-07,TD20,2026-10-01,
GFI,M,2026-08-07,TD7,2026-10-01,195.0
GFI,M,2026-08-07,TD8,2026-10-01,280.0
GFI,M,2026-08-07,TD25,2026-10-01,
GFI,M,2026-08-07,TD22,2026-10-01,18.5
GFI,M,2026-08-07,TD19,2026-10-01,165.0
GFI,M,2026-08-07,TD3C,2026-11-01,291.0
GFI,M,2026-08-07,TD20,2026-11-01,
GFI,M,2026-08-07,TD7,2026-11-01,185.0
GFI,M,2026-08-07,TD8,2026-11-01,260.0
GFI,M,2026-08-07,TD25,2026-11-01,
GFI,M,2026-08-07,TD22,2026-11-01,18.0
GFI,M,2026-08-07,TD19,2026-11-01,153.0
GFI,M,2026-08-07,TD3C,2026-12-01,278.0
GFI,M,2026-08-07,TD20,2026-12-01,
GFI,M,2026-08-07,TD7,2026-12-01,175.0
GFI,M,2026-08-07,TD8,2026-12-01,240.0
GFI,M,2026-08-07,TD25,2026-12-01,
GFI,M,2026-08-07,TD22,2026-12-01,17.5
GFI,M,2026-08-07,TD19,2026-12-01,150.0
GFI,Q,2026-08-07,TD3C,2026-10-01,291.0
GFI,Q,2026-08-07,TD20,2026-10-01,14.5
GFI,Q,2026-08-07,TD7,2026-10-01,185.0
GFI,Q,2026-08-07,TD8,2026-10-01,260.0
GFI,Q,2026-08-07,TD25,2026-10-01,137.37
GFI,Q,2026-08-07,TD22,2026-10-01,18.0
GFI,Q,2026-08-07,TD19,2026-10-01,156.0
GFI,Q,2026-08-07,TD3C,2027-01-01,184.31
GFI,Q,2026-08-07,TD20,2027-01-01,82.45
GFI,Q,2026-08-07,TD7,2027-01-01,144.13
GFI,Q,2026-08-07,TD8,2027-01-01,160.83
GFI,Q,2026-08-07,TD25,2027-01-01,238.23
GFI,Q,2026-08-07,TD22,2027-01-01,16.0
GFI,Q,2026-08-07,TD19,2027-01-01,122.51
GFI,Q,2026-08-07,TD3C,2027-04-01,28.15
GFI,Q,2026-08-07,TD20,2027-04-01,78.68
GFI,Q,2026-08-07,TD7,2027-04-01,13.4
GFI,Q,2026-08-07,TD8,2027-04-01,20.5
GFI,Q,2026-08-07,TD25,2027-04-01,27.61
GFI,Q,2026-08-07,TD22,2027-04-01,50.0
GFI,Q,2026-08-07,TD19,2027-04-01,13.25
GFI,A,2026-08-07,TD3C,2027-01-01,26.85
GFI,A,2026-08-07,TD20,2027-01-01,76.8
GFI,A,2026-08-07,TD7,2027-01-01,13.7
GFI,A,2026-08-07,TD8,2027-01-01,20.82
GFI,A,2026-08-07,TD25,2027-01-01,25.47
GFI,A,2026-08-07,TD22,2027-01-01,51.39
GFI,A,2026-08-07,TD19,2027-01-01,14.0
GFI,A,2026-08-07,TD3C,2028-01-01,16.85
GFI,A,2026-08-07,TD20,2028-01-01,66.61
GFI,A,2026-08-07,TD7,2028-01-01,12.7
GFI,A,2026-08-07,TD8,2028-01-01,20.25
GFI,A,2026-08-07,TD25,2028-01-01,23.23
GFI,A,2026-08-07,TD22,2028-01-01,35.19
GFI,A,2026-08-07,TD19,2028-01-01,13.55
GFI,BITR,2026-08-10,TD3C,2026-08-01,487.78
GFI,BITR,2026-08-10,TD20,2026-08-01,183.06
GFI,BITR,2026-08-10,TD7,2026-08-01,207.92
GFI,BITR,2026-08-10,TD8,2026-08-01,0.0
GFI,BITR,2026-08-10,TD25,2026-08-01,321.67
GFI,BITR,2026-08-10,TD22,2026-08-01,18636111.0
GFI,BITR,2026-08-10,TD19,2026-08-01,213.06
GFI,MTD,2026-08-10,TD3C,2026-08-01,457.41
GFI,MTD,2026-08-10,TD20,2026-08-01,181.62
GFI,MTD,2026-08-10,TD7,2026-08-01,211.94
GFI,MTD,2026-08-10,TD8,2026-08-01,329.88
GFI,MTD,2026-08-10,TD25,2026-08-01,338.7
GFI,MTD,2026-08-10,TD22,2026-08-01,18940277.83
GFI,MTD,2026-08-10,TD19,2026-08-01,237.77
GFI,M,2026-08-10,TD3C,2026-08-01,465.0
GFI,M,2026-08-10,TD20,2026-08-01,13.4
GFI,M,2026-08-10,TD7,2026-08-01,210.0
GFI,M,2026-08-10,TD8,2026-08-01,415.0
GFI,M,2026-08-10,TD25,2026-08-01,123.86
GFI,M,2026-08-10,TD22,2026-08-01,20.0
GFI,M,2026-08-10,TD19,2026-08-01,240.0
GFI,M,2026-08-10,TD3C,2026-09-01,410.0
GFI,M,2026-08-10,TD20,2026-09-01,
GFI,M,2026-08-10,TD7,2026-09-01,200.0
GFI,M,2026-08-10,TD8,2026-09-01,350.0
GFI,M,2026-08-10,TD25,2026-09-01,
GFI,M,2026-08-10,TD22,2026-09-01,18.75
GFI,M,2026-08-10,TD19,2026-09-01,200.0
GFI,M,2026-08-10,TD3C,2026-10-01,340.0
GFI,M,2026-08-10,TD20,2026-10-01,
GFI,M,2026-08-10,TD7,2026-10-01,195.0
GFI,M,2026-08-10,TD8,2026-10-01,280.0
GFI,M,2026-08-10,TD25,2026-10-01,
GFI,M,2026-08-10,TD22,2026-10-01,18.5
GFI,M,2026-08-10,TD19,2026-10-01,165.0
GFI,M,2026-08-10,TD3C,2026-11-01,325.0
GFI,M,2026-08-10,TD20,2026-11-01,
GFI,M,2026-08-10,TD7,2026-11-01,185.0
GFI,M,2026-08-10,TD8,2026-11-01,260.0
GFI,M,2026-08-10,TD25,2026-11-01,
GFI,M,2026-08-10,TD22,2026-11-01,18.0
GFI,M,2026-08-10,TD19,2026-11-01,153.0
GFI,M,2026-08-10,TD3C,2026-12-01,302.5
GFI,M,2026-08-10,TD20,2026-12-01,
GFI,M,2026-08-10,TD7,2026-12-01,175.0
GFI,M,2026-08-10,TD8,2026-12-01,240.0
GFI,M,2026-08-10,TD25,2026-12-01,
GFI,M,2026-08-10,TD22,2026-12-01,17.5
GFI,M,2026-08-10,TD19,2026-12-01,150.0
GFI,Q,2026-08-10,TD3C,2026-10-01,322.5
GFI,Q,2026-08-10,TD20,2026-10-01,14.5
GFI,Q,2026-08-10,TD7,2026-10-01,185.0
GFI,Q,2026-08-10,TD8,2026-10-01,260.0
GFI,Q,2026-08-10,TD25,2026-10-01,137.37
GFI,Q,2026-08-10,TD22,2026-10-01,18.0
GFI,Q,2026-08-10,TD19,2026-10-01,156.0
GFI,Q,2026-08-10,TD3C,2027-01-01,190.99
GFI,Q,2026-08-10,TD20,2027-01-01,82.45
GFI,Q,2026-08-10,TD7,2027-01-01,144.13
GFI,Q,2026-08-10,TD8,2027-01-01,160.83
GFI,Q,2026-08-10,TD25,2027-01-01,238.23
GFI,Q,2026-08-10,TD22,2027-01-01,16.0
GFI,Q,2026-08-10,TD19,2027-01-01,122.51
GFI,Q,2026-08-10,TD3C,2027-04-01,29.3
GFI,Q,2026-08-10,TD20,2027-04-01,78.68
GFI,Q,2026-08-10,TD7,2027-04-01,13.4
GFI,Q,2026-08-10,TD8,2027-04-01,20.5
GFI,Q,2026-08-10,TD25,2027-04-01,27.61
GFI,Q,2026-08-10,TD22,2027-04-01,50.0
GFI,Q,2026-08-10,TD19,2027-04-01,13.25
GFI,A,2026-08-10,TD3C,2027-01-01,27.85
GFI,A,2026-08-10,TD20,2027-01-01,76.8
GFI,A,2026-08-10,TD7,2027-01-01,13.7
GFI,A,2026-08-10,TD8,2027-01-01,20.82
GFI,A,2026-08-10,TD25,2027-01-01,25.47
GFI,A,2026-08-10,TD22,2027-01-01,51.39
GFI,A,2026-08-10,TD19,2027-01-01,14.0
GFI,A,2026-08-10,TD3C,2028-01-01,17.35
GFI,A,2026-08-10,TD20,2028-01-01,66.61
GFI,A,2026-08-10,TD7,2028-01-01,12.7
GFI,A,2026-08-10,TD8,2028-01-01,20.25
GFI,A,2026-08-10,TD25,2028-01-01,23.23
GFI,A,2026-08-10,TD22,2028-01-01,35.19
GFI,A,2026-08-10,TD19,2028-01-01,13.55
GFI,BITR,2026-08-11,TD3C,2026-08-01,481.67
GFI,BITR,2026-08-11,TD20,2026-08-01,195.28
GFI,BITR,2026-08-11,TD7,2026-08-01,203.33
GFI,BITR,2026-08-11,TD8,2026-08-01,327.92
GFI,BITR,2026-08-11,TD25,2026-08-01,323.61
GFI,BITR,2026-08-11,TD22,2026-08-01,18622222.0
GFI,BITR,2026-08-11,TD19,2026-08-01,208.06
GFI,MTD,2026-08-11,TD3C,2026-08-01,460.87
GFI,MTD,2026-08-11,TD20,2026-08-01,183.57
GFI,MTD,2026-08-11,TD7,2026-08-01,210.71
GFI,MTD,2026-08-11,TD8,2026-08-01,329.55
GFI,MTD,2026-08-11,TD25,2026-08-01,336.55
GFI,MTD,2026-08-11,TD22,2026-08-01,18894841.29
GFI,MTD,2026-08-11,TD19,2026-08-01,233.53
GFI,M,2026-08-11,TD3C,2026-08-01,470.0
GFI,M,2026-08-11,TD20,2026-08-01,13.4
GFI,M,2026-08-11,TD7,2026-08-01,210.0
GFI,M,2026-08-11,TD8,2026-08-01,415.0
GFI,M,2026-08-11,TD25,2026-08-01,123.86
GFI,M,2026-08-11,TD22,2026-08-01,20.0
GFI,M,2026-08-11,TD19,2026-08-01,240.0
GFI,M,2026-08-11,TD3C,2026-09-01,460.0
GFI,M,2026-08-11,TD20,2026-09-01,
GFI,M,2026-08-11,TD7,2026-09-01,200.0
GFI,M,2026-08-11,TD8,2026-09-01,350.0
GFI,M,2026-08-11,TD25,2026-09-01,
GFI,M,2026-08-11,TD22,2026-09-01,19.5
GFI,M,2026-08-11,TD19,2026-09-01,200.0
GFI,M,2026-08-11,TD3C,2026-10-01,417.5
GFI,M,2026-08-11,TD20,2026-10-01,
GFI,M,2026-08-11,TD7,2026-10-01,195.0
GFI,M,2026-08-11,TD8,2026-10-01,280.0
GFI,M,2026-08-11,TD25,2026-10-01,
GFI,M,2026-08-11,TD22,2026-10-01,19.5
GFI,M,2026-08-11,TD19,2026-10-01,165.0
GFI,M,2026-08-11,TD3C,2026-11-01,392.5
GFI,M,2026-08-11,TD20,2026-11-01,
GFI,M,2026-08-11,TD7,2026-11-01,185.0
GFI,M,2026-08-11,TD8,2026-11-01,260.0
GFI,M,2026-08-11,TD25,2026-11-01,
GFI,M,2026-08-11,TD22,2026-11-01,19.0
GFI,M,2026-08-11,TD19,2026-11-01,153.0
GFI,M,2026-08-11,TD3C,2026-12-01,345.0
GFI,M,2026-08-11,TD20,2026-12-01,
GFI,M,2026-08-11,TD7,2026-12-01,175.0
GFI,M,2026-08-11,TD8,2026-12-01,240.0
GFI,M,2026-08-11,TD25,2026-12-01,
GFI,M,2026-08-11,TD22,2026-12-01,18.5
GFI,M,2026-08-11,TD19,2026-12-01,150.0
GFI,Q,2026-08-11,TD3C,2026-10-01,385.0
GFI,Q,2026-08-11,TD20,2026-10-01,14.5
GFI,Q,2026-08-11,TD7,2026-10-01,185.0
GFI,Q,2026-08-11,TD8,2026-10-01,260.0
GFI,Q,2026-08-11,TD25,2026-10-01,137.37
GFI,Q,2026-08-11,TD22,2026-10-01,19.0
GFI,Q,2026-08-11,TD19,2026-10-01,156.0
GFI,Q,2026-08-11,TD3C,2027-01-01,235.03
GFI,Q,2026-08-11,TD20,2027-01-01,82.45
GFI,Q,2026-08-11,TD7,2027-01-01,144.13
GFI,Q,2026-08-11,TD8,2027-01-01,160.83
GFI,Q,2026-08-11,TD25,2027-01-01,238.23
GFI,Q,2026-08-11,TD22,2027-01-01,16.0
GFI,Q,2026-08-11,TD19,2027-01-01,122.51
GFI,Q,2026-08-11,TD3C,2027-04-01,36.5
GFI,Q,2026-08-11,TD20,2027-04-01,78.68
GFI,Q,2026-08-11,TD7,2027-04-01,13.4
GFI,Q,2026-08-11,TD8,2027-04-01,20.5
GFI,Q,2026-08-11,TD25,2027-04-01,27.61
GFI,Q,2026-08-11,TD22,2027-04-01,50.0
GFI,Q,2026-08-11,TD19,2027-04-01,13.25
GFI,A,2026-08-11,TD3C,2027-01-01,33.5
GFI,A,2026-08-11,TD20,2027-01-01,76.8
GFI,A,2026-08-11,TD7,2027-01-01,13.7
GFI,A,2026-08-11,TD8,2027-01-01,20.82
GFI,A,2026-08-11,TD25,2027-01-01,25.47
GFI,A,2026-08-11,TD22,2027-01-01,51.39
GFI,A,2026-08-11,TD19,2027-01-01,14.0
GFI,A,2026-08-11,TD3C,2028-01-01,19.0
GFI,A,2026-08-11,TD20,2028-01-01,66.61
GFI,A,2026-08-11,TD7,2028-01-01,12.7
GFI,A,2026-08-11,TD8,2028-01-01,20.25
GFI,A,2026-08-11,TD25,2028-01-01,23.23
GFI,A,2026-08-11,TD22,2028-01-01,35.19
GFI,A,2026-08-11,TD19,2028-01-01,13.55
GFI,BITR,2026-08-12,TD3C,2026-08-01,479.44
GFI,BITR,2026-08-12,TD20,2026-08-01,223.33
GFI,BITR,2026-08-12,TD7,2026-08-01,200.0
GFI,BITR,2026-08-12,TD8,2026-08-01,330.42
GFI,BITR,2026-08-12,TD25,2026-08-01,336.67
GFI,BITR,2026-08-12,TD22,2026-08-01,18523444.0
GFI,BITR,2026-08-12,TD19,2026-08-01,204.17
GFI,MTD,2026-08-12,TD3C,2026-08-01,463.19
GFI,MTD,2026-08-12,TD20,2026-08-01,188.54
GFI,MTD,2026-08-12,TD7,2026-08-01,209.38
GFI,MTD,2026-08-12,TD8,2026-08-01,329.67
GFI,MTD,2026-08-12,TD25,2026-08-01,336.56
GFI,MTD,2026-08-12,TD22,2026-08-01,18848416.63
GFI,MTD,2026-08-12,TD19,2026-08-01,229.86
GFI,M,2026-08-12,TD3C,2026-08-01,470.0
GFI,M,2026-08-12,TD20,2026-08-01,13.4
GFI,M,2026-08-12,TD7,2026-08-01,210.0
GFI,M,2026-08-12,TD8,2026-08-01,415.0
GFI,M,2026-08-12,TD25,2026-08-01,123.86
GFI,M,2026-08-12,TD22,2026-08-01,20.0
GFI,M,2026-08-12,TD19,2026-08-01,240.0
GFI,M,2026-08-12,TD3C,2026-09-01,455.0
GFI,M,2026-08-12,TD20,2026-09-01,
GFI,M,2026-08-12,TD7,2026-09-01,200.0
GFI,M,2026-08-12,TD8,2026-09-01,350.0
GFI,M,2026-08-12,TD25,2026-09-01,
GFI,M,2026-08-12,TD22,2026-09-01,19.5
GFI,M,2026-08-12,TD19,2026-09-01,200.0
GFI,M,2026-08-12,TD3C,2026-10-01,425.0
GFI,M,2026-08-12,TD20,2026-10-01,
GFI,M,2026-08-12,TD7,2026-10-01,195.0
GFI,M,2026-08-12,TD8,2026-10-01,280.0
GFI,M,2026-08-12,TD25,2026-10-01,
GFI,M,2026-08-12,TD22,2026-10-01,19.5
GFI,M,2026-08-12,TD19,2026-10-01,165.0
GFI,M,2026-08-12,TD3C,2026-11-01,390.0
GFI,M,2026-08-12,TD20,2026-11-01,
GFI,M,2026-08-12,TD7,2026-11-01,185.0
GFI,M,2026-08-12,TD8,2026-11-01,260.0
GFI,M,2026-08-12,TD25,2026-11-01,
GFI,M,2026-08-12,TD22,2026-11-01,19.0
GFI,M,2026-08-12,TD19,2026-11-01,153.0
GFI,M,2026-08-12,TD3C,2026-12-01,340.0
GFI,M,2026-08-12,TD20,2026-12-01,
GFI,M,2026-08-12,TD7,2026-12-01,175.0
GFI,M,2026-08-12,TD8,2026-12-01,240.0
GFI,M,2026-08-12,TD25,2026-12-01,
GFI,M,2026-08-12,TD22,2026-12-01,18.5
GFI,M,2026-08-12,TD19,2026-12-01,150.0
GFI,Q,2026-08-12,TD3C,2026-10-01,385.0
GFI,Q,2026-08-12,TD20,2026-10-01,14.5
GFI,Q,2026-08-12,TD7,2026-10-01,185.0
GFI,Q,2026-08-12,TD8,2026-10-01,260.0
GFI,Q,2026-08-12,TD25,2026-10-01,137.37
GFI,Q,2026-08-12,TD22,2026-10-01,19.0
GFI,Q,2026-08-12,TD19,2026-10-01,156.0
GFI,Q,2026-08-12,TD3C,2027-01-01,246.41
GFI,Q,2026-08-12,TD20,2027-01-01,82.45
GFI,Q,2026-08-12,TD7,2027-01-01,147.09
GFI,Q,2026-08-12,TD8,2027-01-01,160.83
GFI,Q,2026-08-12,TD25,2027-01-01,238.23
GFI,Q,2026-08-12,TD22,2027-01-01,16.0
GFI,Q,2026-08-12,TD19,2027-01-01,122.51
GFI,Q,2026-08-12,TD3C,2027-04-01,40.0
GFI,Q,2026-08-12,TD20,2027-04-01,78.68
GFI,Q,2026-08-12,TD7,2027-04-01,13.7
GFI,Q,2026-08-12,TD8,2027-04-01,20.5
GFI,Q,2026-08-12,TD25,2027-04-01,27.61
GFI,Q,2026-08-12,TD22,2027-04-01,51.85
GFI,Q,2026-08-12,TD19,2027-04-01,13.25
GFI,A,2026-08-12,TD3C,2027-01-01,35.5
GFI,A,2026-08-12,TD20,2027-01-01,76.8
GFI,A,2026-08-12,TD7,2027-01-01,14.0
GFI,A,2026-08-12,TD8,2027-01-01,20.82
GFI,A,2026-08-12,TD25,2027-01-01,25.47
GFI,A,2026-08-12,TD22,2027-01-01,51.85
GFI,A,2026-08-12,TD19,2027-01-01,14.0
GFI,A,2026-08-12,TD3C,2028-01-01,19.0
GFI,A,2026-08-12,TD20,2028-01-01,66.61
GFI,A,2026-08-12,TD7,2028-01-01,12.7
GFI,A,2026-08-12,TD8,2028-01-01,20.25
GFI,A,2026-08-12,TD25,2028-01-01,23.23
GFI,A,2026-08-12,TD22,2028-01-01,37.04
GFI,A,2026-08-12,TD19,2028-01-01,13.55
GFI,BITR,2026-08-13,TD3C,2026-08-01,479.44
GFI,BITR,2026-08-13,TD20,2026-08-01,227.22
GFI,BITR,2026-08-13,TD7,2026-08-01,201.67
GFI,BITR,2026-08-13,TD8,2026-08-01,332.92
GFI,BITR,2026-08-13,TD25,2026-08-01,349.44
GFI,BITR,2026-08-13,TD22,2026-08-01,18422222.0
GFI,BITR,2026-08-13,TD19,2026-08-01,221.39
GFI,MTD,2026-08-13,TD3C,2026-08-01,465.0
GFI,MTD,2026-08-13,TD20,2026-08-01,192.84
GFI,MTD,2026-08-13,TD7,2026-08-01,208.52
GFI,MTD,2026-08-13,TD8,2026-08-01,330.08
GFI,MTD,2026-08-13,TD25,2026-08-01,337.99
GFI,MTD,2026-08-13,TD22,2026-08-01,18801061.67
GFI,MTD,2026-08-13,TD19,2026-08-01,228.92
GFI,M,2026-08-13,TD3C,2026-08-01,470.0
GFI,M,2026-08-13,TD20,2026-08-01,13.4
GFI,M,2026-08-13,TD7,2026-08-01,210.0
GFI,M,2026-08-13,TD8,2026-08-01,415.0
GFI,M,2026-08-13,TD25,2026-08-01,123.86
GFI,M,2026-08-13,TD22,2026-08-01,19.5
GFI,M,2026-08-13,TD19,2026-08-01,240.0
GFI,M,2026-08-13,TD3C,2026-09-01,485.0
GFI,M,2026-08-13,TD20,2026-09-01,
GFI,M,2026-08-13,TD7,2026-09-01,200.0
GFI,M,2026-08-13,TD8,2026-09-01,350.0
GFI,M,2026-08-13,TD25,2026-09-01,
GFI,M,2026-08-13,TD22,2026-09-01,20.0
GFI,M,2026-08-13,TD19,2026-09-01,200.0
GFI,M,2026-08-13,TD3C,2026-10-01,450.0
GFI,M,2026-08-13,TD20,2026-10-01,
GFI,M,2026-08-13,TD7,2026-10-01,195.0
GFI,M,2026-08-13,TD8,2026-10-01,280.0
GFI,M,2026-08-13,TD25,2026-10-01,
GFI,M,2026-08-13,TD22,2026-10-01,19.5
GFI,M,2026-08-13,TD19,2026-10-01,165.0
GFI,M,2026-08-13,TD3C,2026-11-01,415.0
GFI,M,2026-08-13,TD20,2026-11-01,
GFI,M,2026-08-13,TD7,2026-11-01,185.0
GFI,M,2026-08-13,TD8,2026-11-01,260.0
GFI,M,2026-08-13,TD25,2026-11-01,
GFI,M,2026-08-13,TD22,2026-11-01,20.0
GFI,M,2026-08-13,TD19,2026-11-01,153.0
GFI,M,2026-08-13,TD3C,2026-12-01,380.0
GFI,M,2026-08-13,TD20,2026-12-01,
GFI,M,2026-08-13,TD7,2026-12-01,175.0
GFI,M,2026-08-13,TD8,2026-12-01,240.0
GFI,M,2026-08-13,TD25,2026-12-01,
GFI,M,2026-08-13,TD22,2026-12-01,20.5
GFI,M,2026-08-13,TD19,2026-12-01,150.0
GFI,Q,2026-08-13,TD3C,2026-10-01,415.0
GFI,Q,2026-08-13,TD20,2026-10-01,14.5
GFI,Q,2026-08-13,TD7,2026-10-01,185.0
GFI,Q,2026-08-13,TD8,2026-10-01,260.0
GFI,Q,2026-08-13,TD25,2026-10-01,137.37
GFI,Q,2026-08-13,TD22,2026-10-01,20.0
GFI,Q,2026-08-13,TD19,2026-10-01,156.0
GFI,Q,2026-08-13,TD3C,2027-01-01,311.73
GFI,Q,2026-08-13,TD20,2027-01-01,82.45
GFI,Q,2026-08-13,TD7,2027-01-01,156.96
GFI,Q,2026-08-13,TD8,2027-01-01,160.83
GFI,Q,2026-08-13,TD25,2027-01-01,238.23
GFI,Q,2026-08-13,TD22,2027-01-01,19.0
GFI,Q,2026-08-13,TD19,2027-01-01,122.51
GFI,Q,2026-08-13,TD3C,2027-04-01,49.0
GFI,Q,2026-08-13,TD20,2027-04-01,78.68
GFI,Q,2026-08-13,TD7,2027-04-01,14.7
GFI,Q,2026-08-13,TD8,2027-04-01,20.5
GFI,Q,2026-08-13,TD25,2027-04-01,27.61
GFI,Q,2026-08-13,TD22,2027-04-01,59.26
GFI,Q,2026-08-13,TD19,2027-04-01,13.25
GFI,A,2026-08-13,TD3C,2027-01-01,43.0
GFI,A,2026-08-13,TD20,2027-01-01,76.8
GFI,A,2026-08-13,TD7,2027-01-01,15.0
GFI,A,2026-08-13,TD8,2027-01-01,20.82
GFI,A,2026-08-13,TD25,2027-01-01,25.47
GFI,A,2026-08-13,TD22,2027-01-01,60.19
GFI,A,2026-08-13,TD19,2027-01-01,14.0
GFI,A,2026-08-13,TD3C,2028-01-01,22.0
GFI,A,2026-08-13,TD20,2028-01-01,66.61
GFI,A,2026-08-13,TD7,2028-01-01,13.0
GFI,A,2026-08-13,TD8,2028-01-01,20.25
GFI,A,2026-08-13,TD25,2028-01-01,23.23
GFI,A,2026-08-13,TD22,2028-01-01,44.44
GFI,A,2026-08-13,TD19,2028-01-01,13.55
GFI,BITR,2026-08-14,TD3C,2026-08-01,481.67
GFI,BITR,2026-08-14,TD20,2026-08-01,259.83
GFI,BITR,2026-08-14,TD7,2026-08-01,201.67
GFI,BITR,2026-08-14,TD8,2026-08-01,335.0
GFI,BITR,2026-08-14,TD25,2026-08-01,369.44
GFI,BITR,2026-08-14,TD22,2026-08-01,18550000.0
GFI,BITR,2026-08-14,TD19,2026-08-01,225.22
GFI,MTD,2026-08-14,TD3C,2026-08-01,466.67
GFI,MTD,2026-08-14,TD20,2026-08-01,199.54
GFI,MTD,2026-08-14,TD7,2026-08-01,207.83
GFI,MTD,2026-08-14,TD8,2026-08-01,330.63
GFI,MTD,2026-08-14,TD25,2026-08-01,341.14
GFI,MTD,2026-08-14,TD22,2026-08-01,18775955.5
GFI,MTD,2026-08-14,TD19,2026-08-01,228.55
GFI,M,2026-08-14,TD3C,2026-08-01,470.0
GFI,M,2026-08-14,TD20,2026-08-01,13.4
GFI,M,2026-08-14,TD7,2026-08-01,210.0
GFI,M,2026-08-14,TD8,2026-08-01,415.0
GFI,M,2026-08-14,TD25,2026-08-01,123.86
GFI,M,2026-08-14,TD22,2026-08-01,19.5
GFI,M,2026-08-14,TD19,2026-08-01,240.0
GFI,M,2026-08-14,TD3C,2026-09-01,485.0
GFI,M,2026-08-14,TD20,2026-09-01,
GFI,M,2026-08-14,TD7,2026-09-01,200.0
GFI,M,2026-08-14,TD8,2026-09-01,350.0
GFI,M,2026-08-14,TD25,2026-09-01,
GFI,M,2026-08-14,TD22,2026-09-01,20.0
GFI,M,2026-08-14,TD19,2026-09-01,200.0
GFI,M,2026-08-14,TD3C,2026-10-01,480.0
GFI,M,2026-08-14,TD20,2026-10-01,
GFI,M,2026-08-14,TD7,2026-10-01,195.0
GFI,M,2026-08-14,TD8,2026-10-01,280.0
GFI,M,2026-08-14,TD25,2026-10-01,
GFI,M,2026-08-14,TD22,2026-10-01,19.5
GFI,M,2026-08-14,TD19,2026-10-01,165.0
GFI,M,2026-08-14,TD3C,2026-11-01,440.0
GFI,M,2026-08-14,TD20,2026-11-01,
GFI,M,2026-08-14,TD7,2026-11-01,185.0
GFI,M,2026-08-14,TD8,2026-11-01,260.0
GFI,M,2026-08-14,TD25,2026-11-01,
GFI,M,2026-08-14,TD22,2026-11-01,20.0
GFI,M,2026-08-14,TD19,2026-11-01,153.0
GFI,M,2026-08-14,TD3C,2026-12-01,395.0
GFI,M,2026-08-14,TD20,2026-12-01,
GFI,M,2026-08-14,TD7,2026-12-01,175.0
GFI,M,2026-08-14,TD8,2026-12-01,240.0
GFI,M,2026-08-14,TD25,2026-12-01,
GFI,M,2026-08-14,TD22,2026-12-01,20.5
GFI,M,2026-08-14,TD19,2026-12-01,150.0
GFI,Q,2026-08-14,TD3C,2026-10-01,438.33
GFI,Q,2026-08-14,TD20,2026-10-01,14.5
GFI,Q,2026-08-14,TD7,2026-10-01,185.0
GFI,Q,2026-08-14,TD8,2026-10-01,260.0
GFI,Q,2026-08-14,TD25,2026-10-01,137.37
GFI,Q,2026-08-14,TD22,2026-10-01,20.0
GFI,Q,2026-08-14,TD19,2026-10-01,156.0
GFI,Q,2026-08-14,TD3C,2027-01-01,387.18
GFI,Q,2026-08-14,TD20,2027-01-01,82.45
GFI,Q,2026-08-14,TD7,2027-01-01,156.96
GFI,Q,2026-08-14,TD8,2027-01-01,160.83
GFI,Q,2026-08-14,TD25,2027-01-01,238.23
GFI,Q,2026-08-14,TD22,2027-01-01,19.0
GFI,Q,2026-08-14,TD19,2027-01-01,122.51
GFI,Q,2026-08-14,TD3C,2027-04-01,60.0
GFI,Q,2026-08-14,TD20,2027-04-01,78.68
GFI,Q,2026-08-14,TD7,2027-04-01,14.7
GFI,Q,2026-08-14,TD8,2027-04-01,20.5
GFI,Q,2026-08-14,TD25,2027-04-01,27.61
GFI,Q,2026-08-14,TD22,2027-04-01,59.26
GFI,Q,2026-08-14,TD19,2027-04-01,13.25
GFI,A,2026-08-14,TD3C,2027-01-01,53.56
GFI,A,2026-08-14,TD20,2027-01-01,76.8
GFI,A,2026-08-14,TD7,2027-01-01,15.0
GFI,A,2026-08-14,TD8,2027-01-01,20.82
GFI,A,2026-08-14,TD25,2027-01-01,25.47
GFI,A,2026-08-14,TD22,2027-01-01,60.19
GFI,A,2026-08-14,TD19,2027-01-01,14.0
GFI,A,2026-08-14,TD3C,2028-01-01,23.0
GFI,A,2026-08-14,TD20,2028-01-01,66.61
GFI,A,2026-08-14,TD7,2028-01-01,13.0
GFI,A,2026-08-14,TD8,2028-01-01,20.25
GFI,A,2026-08-14,TD25,2028-01-01,23.23
GFI,A,2026-08-14,TD22,2028-01-01,44.44
GFI,A,2026-08-14,TD19,2028-01-01,13.55
GFI,BITR,2026-08-17,TD3C,2026-08-01,501.67
GFI,BITR,2026-08-17,TD20,2026-08-01,311.67
GFI,BITR,2026-08-17,TD7,2026-08-01,202.08
GFI,BITR,2026-08-17,TD8,2026-08-01,327.0
GFI,BITR,2026-08-17,TD25,2026-08-01,377.22
GFI,BITR,2026-08-17,TD22,2026-08-01,18791667.0
GFI,BITR,2026-08-17,TD19,2026-08-01,226.06
GFI,MTD,2026-08-17,TD3C,2026-08-01,469.85
GFI,MTD,2026-08-17,TD20,2026-08-01,209.73
GFI,MTD,2026-08-17,TD7,2026-08-01,207.31
GFI,MTD,2026-08-17,TD8,2026-08-01,330.26
GFI,MTD,2026-08-17,TD25,2026-08-01,344.42
GFI,MTD,2026-08-17,TD22,2026-08-01,18777383.82
GFI,MTD,2026-08-17,TD19,2026-08-01,228.32
GFI,M,2026-08-17,TD3C,2026-08-01,470.0
GFI,M,2026-08-17,TD20,2026-08-01,13.4
GFI,M,2026-08-17,TD7,2026-08-01,210.0
GFI,M,2026-08-17,TD8,2026-08-01,415.0
GFI,M,2026-08-17,TD25,2026-08-01,123.86
GFI,M,2026-08-17,TD22,2026-08-01,19.5
GFI,M,2026-08-17,TD19,2026-08-01,240.0
GFI,M,2026-08-17,TD3C,2026-09-01,485.0
GFI,M,2026-08-17,TD20,2026-09-01,
GFI,M,2026-08-17,TD7,2026-09-01,200.0
GFI,M,2026-08-17,TD8,2026-09-01,350.0
GFI,M,2026-08-17,TD25,2026-09-01,
GFI,M,2026-08-17,TD22,2026-09-01,20.0
GFI,M,2026-08-17,TD19,2026-09-01,200.0
GFI,M,2026-08-17,TD3C,2026-10-01,468.75
GFI,M,2026-08-17,TD20,2026-10-01,
GFI,M,2026-08-17,TD7,2026-10-01,195.0
GFI,M,2026-08-17,TD8,2026-10-01,280.0
GFI,M,2026-08-17,TD25,2026-10-01,
GFI,M,2026-08-17,TD22,2026-10-01,19.5
GFI,M,2026-08-17,TD19,2026-10-01,165.0
GFI,M,2026-08-17,TD3C,2026-11-01,441.25
GFI,M,2026-08-17,TD20,2026-11-01,
GFI,M,2026-08-17,TD7,2026-11-01,185.0
GFI,M,2026-08-17,TD8,2026-11-01,260.0
GFI,M,2026-08-17,TD25,2026-11-01,
GFI,M,2026-08-17,TD22,2026-11-01,20.0
GFI,M,2026-08-17,TD19,2026-11-01,153.0
GFI,M,2026-08-17,TD3C,2026-12-01,410.0
GFI,M,2026-08-17,TD20,2026-12-01,
GFI,M,2026-08-17,TD7,2026-12-01,175.0
GFI,M,2026-08-17,TD8,2026-12-01,240.0
GFI,M,2026-08-17,TD25,2026-12-01,
GFI,M,2026-08-17,TD22,2026-12-01,20.5
GFI,M,2026-08-17,TD19,2026-12-01,150.0
GFI,Q,2026-08-17,TD3C,2026-10-01,440.0
GFI,Q,2026-08-17,TD20,2026-10-01,14.5
GFI,Q,2026-08-17,TD7,2026-10-01,185.0
GFI,Q,2026-08-17,TD8,2026-10-01,260.0
GFI,Q,2026-08-17,TD25,2026-10-01,137.37
GFI,Q,2026-08-17,TD22,2026-10-01,20.0
GFI,Q,2026-08-17,TD19,2026-10-01,156.0
GFI,Q,2026-08-17,TD3C,2027-01-01,395.84
GFI,Q,2026-08-17,TD20,2027-01-01,82.45
GFI,Q,2026-08-17,TD7,2027-01-01,156.96
GFI,Q,2026-08-17,TD8,2027-01-01,160.83
GFI,Q,2026-08-17,TD25,2027-01-01,238.23
GFI,Q,2026-08-17,TD22,2027-01-01,19.0
GFI,Q,2026-08-17,TD19,2027-01-01,122.51
GFI,Q,2026-08-17,TD3C,2027-04-01,64.0
GFI,Q,2026-08-17,TD20,2027-04-01,78.68
GFI,Q,2026-08-17,TD7,2027-04-01,14.7
GFI,Q,2026-08-17,TD8,2027-04-01,20.5
GFI,Q,2026-08-17,TD25,2027-04-01,27.61
GFI,Q,2026-08-17,TD22,2027-04-01,59.26
GFI,Q,2026-08-17,TD19,2027-04-01,13.25
GFI,A,2026-08-17,TD3C,2027-01-01,56.0
GFI,A,2026-08-17,TD20,2027-01-01,76.8
GFI,A,2026-08-17,TD7,2027-01-01,15.0
GFI,A,2026-08-17,TD8,2027-01-01,20.82
GFI,A,2026-08-17,TD25,2027-01-01,25.47
GFI,A,2026-08-17,TD22,2027-01-01,60.19
GFI,A,2026-08-17,TD19,2027-01-01,14.0
GFI,A,2026-08-17,TD3C,2028-01-01,23.0
GFI,A,2026-08-17,TD20,2028-01-01,66.61
GFI,A,2026-08-17,TD7,2028-01-01,13.0
GFI,A,2026-08-17,TD8,2028-01-01,20.25
GFI,A,2026-08-17,TD25,2028-01-01,23.23
GFI,A,2026-08-17,TD22,2028-01-01,44.44
GFI,A,2026-08-17,TD19,2028-01-01,13.55
GFI,BITR,2026-08-18,TD3C,2026-08-01,514.44
GFI,BITR,2026-08-18,TD20,2026-08-01,328.33
GFI,BITR,2026-08-18,TD7,2026-08-01,202.08
GFI,BITR,2026-08-18,TD8,2026-08-01,324.17
GFI,BITR,2026-08-18,TD25,2026-08-01,361.67
GFI,BITR,2026-08-18,TD22,2026-08-01,20322222.0
GFI,BITR,2026-08-18,TD19,2026-08-01,227.5
GFI,MTD,2026-08-18,TD3C,2026-08-01,473.56
GFI,MTD,2026-08-18,TD20,2026-08-01,219.62
GFI,MTD,2026-08-18,TD7,2026-08-01,206.88
GFI,MTD,2026-08-18,TD8,2026-08-01,329.71
GFI,MTD,2026-08-18,TD25,2026-08-01,345.86
GFI,MTD,2026-08-18,TD22,2026-08-01,18906120.33
GFI,MTD,2026-08-18,TD19,2026-08-01,228.25
GFI,M,2026-08-18,TD3C,2026-08-01,489.0
GFI,M,2026-08-18,TD20,2026-08-01,13.4
GFI,M,2026-08-18,TD7,2026-08-01,210.0
GFI,M,2026-08-18,TD8,2026-08-01,415.0
GFI,M,2026-08-18,TD25,2026-08-01,123.86
GFI,M,2026-08-18,TD22,2026-08-01,19.35
GFI,M,2026-08-18,TD19,2026-08-01,240.0
GFI,M,2026-08-18,TD3C,2026-09-01,510.0
GFI,M,2026-08-18,TD20,2026-09-01,
GFI,M,2026-08-18,TD7,2026-09-01,200.0
GFI,M,2026-08-18,TD8,2026-09-01,350.0
GFI,M,2026-08-18,TD25,2026-09-01,
GFI,M,2026-08-18,TD22,2026-09-01,22.5
GFI,M,2026-08-18,TD19,2026-09-01,200.0
GFI,M,2026-08-18,TD3C,2026-10-01,490.0
GFI,M,2026-08-18,TD20,2026-10-01,
GFI,M,2026-08-18,TD7,2026-10-01,195.0
GFI,M,2026-08-18,TD8,2026-10-01,280.0
GFI,M,2026-08-18,TD25,2026-10-01,
GFI,M,2026-08-18,TD22,2026-10-01,22.5
GFI,M,2026-08-18,TD19,2026-10-01,165.0
GFI,M,2026-08-18,TD3C,2026-11-01,460.0
GFI,M,2026-08-18,TD20,2026-11-01,
GFI,M,2026-08-18,TD7,2026-11-01,185.0
GFI,M,2026-08-18,TD8,2026-11-01,260.0
GFI,M,2026-08-18,TD25,2026-11-01,
GFI,M,2026-08-18,TD22,2026-11-01,22.25
GFI,M,2026-08-18,TD19,2026-11-01,153.0
GFI,M,2026-08-18,TD3C,2026-12-01,430.0
GFI,M,2026-08-18,TD20,2026-12-01,
GFI,M,2026-08-18,TD7,2026-12-01,175.0
GFI,M,2026-08-18,TD8,2026-12-01,240.0
GFI,M,2026-08-18,TD25,2026-12-01,
GFI,M,2026-08-18,TD22,2026-12-01,22.0
GFI,M,2026-08-18,TD19,2026-12-01,150.0
GFI,Q,2026-08-18,TD3C,2026-10-01,460.0
GFI,Q,2026-08-18,TD20,2026-10-01,14.5
GFI,Q,2026-08-18,TD7,2026-10-01,185.0
GFI,Q,2026-08-18,TD8,2026-10-01,260.0
GFI,Q,2026-08-18,TD25,2026-10-01,137.37
GFI,Q,2026-08-18,TD22,2026-10-01,22.25
GFI,Q,2026-08-18,TD19,2026-10-01,156.0
GFI,Q,2026-08-18,TD3C,2027-01-01,420.58
GFI,Q,2026-08-18,TD20,2027-01-01,82.45
GFI,Q,2026-08-18,TD7,2027-01-01,156.96
GFI,Q,2026-08-18,TD8,2027-01-01,160.83
GFI,Q,2026-08-18,TD25,2027-01-01,238.23
GFI,Q,2026-08-18,TD22,2027-01-01,20.0
GFI,Q,2026-08-18,TD19,2027-01-01,122.51
GFI,Q,2026-08-18,TD3C,2027-04-01,69.0
GFI,Q,2026-08-18,TD20,2027-04-01,78.68
GFI,Q,2026-08-18,TD7,2027-04-01,14.7
GFI,Q,2026-08-18,TD8,2027-04-01,20.5
GFI,Q,2026-08-18,TD25,2027-04-01,27.61
GFI,Q,2026-08-18,TD22,2027-04-01,64.81
GFI,Q,2026-08-18,TD19,2027-04-01,13.25
GFI,A,2026-08-18,TD3C,2027-01-01,60.0
GFI,A,2026-08-18,TD20,2027-01-01,76.8
GFI,A,2026-08-18,TD7,2027-01-01,15.0
GFI,A,2026-08-18,TD8,2027-01-01,20.82
GFI,A,2026-08-18,TD25,2027-01-01,25.47
GFI,A,2026-08-18,TD22,2027-01-01,62.96
GFI,A,2026-08-18,TD19,2027-01-01,14.0
GFI,A,2026-08-18,TD3C,2028-01-01,23.0
GFI,A,2026-08-18,TD20,2028-01-01,66.61
GFI,A,2026-08-18,TD7,2028-01-01,13.0
GFI,A,2026-08-18,TD8,2028-01-01,20.25
GFI,A,2026-08-18,TD25,2028-01-01,23.23
GFI,A,2026-08-18,TD22,2028-01-01,44.44
GFI,A,2026-08-18,TD19,2028-01-01,13.55
GFI,BITR,2026-08-19,TD3C,2026-08-01,546.25
GFI,BITR,2026-08-19,TD20,2026-08-01,333.89
GFI,BITR,2026-08-19,TD7,2026-08-01,202.5
GFI,BITR,2026-08-19,TD8,2026-08-01,317.83
GFI,BITR,2026-08-19,TD25,2026-08-01,332.78
GFI,BITR,2026-08-19,TD22,2026-08-01,22044444.0
GFI,BITR,2026-08-19,TD19,2026-08-01,242.5
GFI,MTD,2026-08-19,TD3C,2026-08-01,479.16
GFI,MTD,2026-08-19,TD20,2026-08-01,228.41
GFI,MTD,2026-08-19,TD7,2026-08-01,206.54
GFI,MTD,2026-08-19,TD8,2026-08-01,328.72
GFI,MTD,2026-08-19,TD25,2026-08-01,344.85
GFI,MTD,2026-08-19,TD22,2026-08-01,19147529.85
GFI,MTD,2026-08-19,TD19,2026-08-01,229.35
GFI,M,2026-08-19,TD3C,2026-08-01,515.0
GFI,M,2026-08-19,TD20,2026-08-01,13.4
GFI,M,2026-08-19,TD7,2026-08-01,210.0
GFI,M,2026-08-19,TD8,2026-08-01,400.0
GFI,M,2026-08-19,TD25,2026-08-01,123.86
GFI,M,2026-08-19,TD22,2026-08-01,20.25
GFI,M,2026-08-19,TD19,2026-08-01,230.0
GFI,M,2026-08-19,TD3C,2026-09-01,560.0
GFI,M,2026-08-19,TD20,2026-09-01,
GFI,M,2026-08-19,TD7,2026-09-01,200.0
GFI,M,2026-08-19,TD8,2026-09-01,350.0
GFI,M,2026-08-19,TD25,2026-09-01,
GFI,M,2026-08-19,TD22,2026-09-01,25.0
GFI,M,2026-08-19,TD19,2026-09-01,200.0
GFI,M,2026-08-19,TD3C,2026-10-01,530.0
GFI,M,2026-08-19,TD20,2026-10-01,
GFI,M,2026-08-19,TD7,2026-10-01,195.0
GFI,M,2026-08-19,TD8,2026-10-01,280.0
GFI,M,2026-08-19,TD25,2026-10-01,
GFI,M,2026-08-19,TD22,2026-10-01,25.0
GFI,M,2026-08-19,TD19,2026-10-01,165.0
GFI,M,2026-08-19,TD3C,2026-11-01,500.0
GFI,M,2026-08-19,TD20,2026-11-01,
GFI,M,2026-08-19,TD7,2026-11-01,185.0
GFI,M,2026-08-19,TD8,2026-11-01,260.0
GFI,M,2026-08-19,TD25,2026-11-01,
GFI,M,2026-08-19,TD22,2026-11-01,24.75
GFI,M,2026-08-19,TD19,2026-11-01,153.0
GFI,M,2026-08-19,TD3C,2026-12-01,470.0
GFI,M,2026-08-19,TD20,2026-12-01,
GFI,M,2026-08-19,TD7,2026-12-01,175.0
GFI,M,2026-08-19,TD8,2026-12-01,240.0
GFI,M,2026-08-19,TD25,2026-12-01,
GFI,M,2026-08-19,TD22,2026-12-01,24.5
GFI,M,2026-08-19,TD19,2026-12-01,150.0
GFI,Q,2026-08-19,TD3C,2026-10-01,500.0
GFI,Q,2026-08-19,TD20,2026-10-01,14.5
GFI,Q,2026-08-19,TD7,2026-10-01,185.0
GFI,Q,2026-08-19,TD8,2026-10-01,260.0
GFI,Q,2026-08-19,TD25,2026-10-01,137.37
GFI,Q,2026-08-19,TD22,2026-10-01,24.75
GFI,Q,2026-08-19,TD19,2026-10-01,156.0
GFI,Q,2026-08-19,TD3C,2027-01-01,420.58
GFI,Q,2026-08-19,TD20,2027-01-01,82.45
GFI,Q,2026-08-19,TD7,2027-01-01,156.96
GFI,Q,2026-08-19,TD8,2027-01-01,160.83
GFI,Q,2026-08-19,TD25,2027-01-01,238.23
GFI,Q,2026-08-19,TD22,2027-01-01,23.0
GFI,Q,2026-08-19,TD19,2027-01-01,122.51
GFI,Q,2026-08-19,TD3C,2027-04-01,69.0
GFI,Q,2026-08-19,TD20,2027-04-01,78.68
GFI,Q,2026-08-19,TD7,2027-04-01,14.7
GFI,Q,2026-08-19,TD8,2027-04-01,20.5
GFI,Q,2026-08-19,TD25,2027-04-01,27.61
GFI,Q,2026-08-19,TD22,2027-04-01,64.81
GFI,Q,2026-08-19,TD19,2027-04-01,13.25
GFI,A,2026-08-19,TD3C,2027-01-01,60.0
GFI,A,2026-08-19,TD20,2027-01-01,76.8
GFI,A,2026-08-19,TD7,2027-01-01,15.0
GFI,A,2026-08-19,TD8,2027-01-01,20.82
GFI,A,2026-08-19,TD25,2027-01-01,25.47
GFI,A,2026-08-19,TD22,2027-01-01,65.74
GFI,A,2026-08-19,TD19,2027-01-01,14.0
GFI,A,2026-08-19,TD3C,2028-01-01,24.0
GFI,A,2026-08-19,TD20,2028-01-01,66.61
GFI,A,2026-08-19,TD7,2028-01-01,13.0
GFI,A,2026-08-19,TD8,2028-01-01,20.25
GFI,A,2026-08-19,TD25,2028-01-01,23.23
GFI,A,2026-08-19,TD22,2028-01-01,44.44
GFI,A,2026-08-19,TD19,2028-01-01,13.55
GFI,BITR,2026-08-20,TD3C,2026-08-01,570.0
GFI,BITR,2026-08-20,TD20,2026-08-01,328.89
GFI,BITR,2026-08-20,TD7,2026-08-01,202.92
GFI,BITR,2026-08-20,TD8,2026-08-01,325.83
GFI,BITR,2026-08-20,TD25,2026-08-01,327.78
GFI,BITR,2026-08-20,TD22,2026-08-01,24888889.0
GFI,BITR,2026-08-20,TD19,2026-08-01,248.61
GFI,MTD,2026-08-20,TD3C,2026-08-01,485.64
GFI,MTD,2026-08-20,TD20,2026-08-01,235.58
GFI,MTD,2026-08-20,TD7,2026-08-01,206.28
GFI,MTD,2026-08-20,TD8,2026-08-01,328.5
GFI,MTD,2026-08-20,TD25,2026-08-01,343.63
GFI,MTD,2026-08-20,TD22,2026-08-01,19557626.93
GFI,MTD,2026-08-20,TD19,2026-08-01,230.72
GFI,M,2026-08-20,TD3C,2026-08-01,515.0
GFI,M,2026-08-20,TD20,2026-08-01,13.4
GFI,M,2026-08-20,TD7,2026-08-01,205.0
GFI,M,2026-08-20,TD8,2026-08-01,400.0
GFI,M,2026-08-20,TD25,2026-08-01,123.86
GFI,M,2026-08-20,TD22,2026-08-01,20.35
GFI,M,2026-08-20,TD19,2026-08-01,230.0
GFI,M,2026-08-20,TD3C,2026-09-01,600.0
GFI,M,2026-08-20,TD20,2026-09-01,
GFI,M,2026-08-20,TD7,2026-09-01,200.0
GFI,M,2026-08-20,TD8,2026-09-01,350.0
GFI,M,2026-08-20,TD25,2026-09-01,
GFI,M,2026-08-20,TD22,2026-09-01,25.0
GFI,M,2026-08-20,TD19,2026-09-01,200.0
GFI,M,2026-08-20,TD3C,2026-10-01,560.0
GFI,M,2026-08-20,TD20,2026-10-01,
GFI,M,2026-08-20,TD7,2026-10-01,195.0
GFI,M,2026-08-20,TD8,2026-10-01,280.0
GFI,M,2026-08-20,TD25,2026-10-01,
GFI,M,2026-08-20,TD22,2026-10-01,24.0
GFI,M,2026-08-20,TD19,2026-10-01,165.0
GFI,M,2026-08-20,TD3C,2026-11-01,530.0
GFI,M,2026-08-20,TD20,2026-11-01,
GFI,M,2026-08-20,TD7,2026-11-01,185.0
GFI,M,2026-08-20,TD8,2026-11-01,260.0
GFI,M,2026-08-20,TD25,2026-11-01,
GFI,M,2026-08-20,TD22,2026-11-01,22.75
GFI,M,2026-08-20,TD19,2026-11-01,153.0
GFI,M,2026-08-20,TD3C,2026-12-01,510.0
GFI,M,2026-08-20,TD20,2026-12-01,
GFI,M,2026-08-20,TD7,2026-12-01,175.0
GFI,M,2026-08-20,TD8,2026-12-01,240.0
GFI,M,2026-08-20,TD25,2026-12-01,
GFI,M,2026-08-20,TD22,2026-12-01,22.5
GFI,M,2026-08-20,TD19,2026-12-01,150.0
GFI,Q,2026-08-20,TD3C,2026-10-01,533.33
GFI,Q,2026-08-20,TD20,2026-10-01,14.5
GFI,Q,2026-08-20,TD7,2026-10-01,185.0
GFI,Q,2026-08-20,TD8,2026-10-01,260.0
GFI,Q,2026-08-20,TD25,2026-10-01,137.37
GFI,Q,2026-08-20,TD22,2026-10-01,23.08
GFI,Q,2026-08-20,TD19,2026-10-01,156.0
GFI,Q,2026-08-20,TD3C,2027-01-01,452.75
GFI,Q,2026-08-20,TD20,2027-01-01,82.45
GFI,Q,2026-08-20,TD7,2027-01-01,156.96
GFI,Q,2026-08-20,TD8,2027-01-01,160.83
GFI,Q,2026-08-20,TD25,2027-01-01,238.23
GFI,Q,2026-08-20,TD22,2027-01-01,21.25
GFI,Q,2026-08-20,TD19,2027-01-01,122.51
GFI,Q,2026-08-20,TD3C,2027-04-01,79.0
GFI,Q,2026-08-20,TD20,2027-04-01,78.68
GFI,Q,2026-08-20,TD7,2027-04-01,14.7
GFI,Q,2026-08-20,TD8,2027-04-01,20.5
GFI,Q,2026-08-20,TD25,2027-04-01,27.61
GFI,Q,2026-08-20,TD22,2027-04-01,74.07
GFI,Q,2026-08-20,TD19,2027-04-01,13.25
GFI,A,2026-08-20,TD3C,2027-01-01,66.0
GFI,A,2026-08-20,TD20,2027-01-01,76.8
GFI,A,2026-08-20,TD7,2027-01-01,15.0
GFI,A,2026-08-20,TD8,2027-01-01,20.82
GFI,A,2026-08-20,TD25,2027-01-01,25.47
GFI,A,2026-08-20,TD22,2027-01-01,66.9
GFI,A,2026-08-20,TD19,2027-01-01,14.0
GFI,A,2026-08-20,TD3C,2028-01-01,25.25
GFI,A,2026-08-20,TD20,2028-01-01,66.61
GFI,A,2026-08-20,TD7,2028-01-01,13.0
GFI,A,2026-08-20,TD8,2028-01-01,20.25
GFI,A,2026-08-20,TD25,2028-01-01,23.23
GFI,A,2026-08-20,TD22,2028-01-01,48.15
GFI,A,2026-08-20,TD19,2028-01-01,13.55
GFI,BITR,2026-08-21,TD3C,2026-08-01,586.88
GFI,BITR,2026-08-21,TD20,2026-08-01,323.89
GFI,BITR,2026-08-21,TD7,2026-08-01,202.92
GFI,BITR,2026-08-21,TD8,2026-08-01,335.42
GFI,BITR,2026-08-21,TD25,2026-08-01,318.89
GFI,BITR,2026-08-21,TD22,2026-08-01,25611111.0
GFI,BITR,2026-08-21,TD19,2026-08-01,257.0
GFI,MTD,2026-08-21,TD3C,2026-08-01,492.39
GFI,MTD,2026-08-21,TD20,2026-08-01,241.47
GFI,MTD,2026-08-21,TD7,2026-08-01,206.06
GFI,MTD,2026-08-21,TD8,2026-08-01,328.99
GFI,MTD,2026-08-21,TD25,2026-08-01,341.98
GFI,MTD,2026-08-21,TD22,2026-08-01,19961192.53
GFI,MTD,2026-08-21,TD19,2026-08-01,232.48
GFI,M,2026-08-21,TD3C,2026-08-01,516.0
GFI,M,2026-08-21,TD20,2026-08-01,13.4
GFI,M,2026-08-21,TD7,2026-08-01,205.0
GFI,M,2026-08-21,TD8,2026-08-01,400.0
GFI,M,2026-08-21,TD25,2026-08-01,123.86
GFI,M,2026-08-21,TD22,2026-08-01,21.2
GFI,M,2026-08-21,TD19,2026-08-01,230.0
GFI,M,2026-08-21,TD3C,2026-09-01,675.0
GFI,M,2026-08-21,TD20,2026-09-01,
GFI,M,2026-08-21,TD7,2026-09-01,200.0
GFI,M,2026-08-21,TD8,2026-09-01,350.0
GFI,M,2026-08-21,TD25,2026-09-01,
GFI,M,2026-08-21,TD22,2026-09-01,25.0
GFI,M,2026-08-21,TD19,2026-09-01,200.0
GFI,M,2026-08-21,TD3C,2026-10-01,63.0
GFI,M,2026-08-21,TD20,2026-10-01,
GFI,M,2026-08-21,TD7,2026-10-01,195.0
GFI,M,2026-08-21,TD8,2026-10-01,280.0
GFI,M,2026-08-21,TD25,2026-10-01,
GFI,M,2026-08-21,TD22,2026-10-01,24.0
GFI,M,2026-08-21,TD19,2026-10-01,165.0
GFI,M,2026-08-21,TD3C,2026-11-01,570.0
GFI,M,2026-08-21,TD20,2026-11-01,
GFI,M,2026-08-21,TD7,2026-11-01,185.0
GFI,M,2026-08-21,TD8,2026-11-01,260.0
GFI,M,2026-08-21,TD25,2026-11-01,
GFI,M,2026-08-21,TD22,2026-11-01,22.5
GFI,M,2026-08-21,TD19,2026-11-01,153.0
GFI,M,2026-08-21,TD3C,2026-12-01,560.0
GFI,M,2026-08-21,TD20,2026-12-01,
GFI,M,2026-08-21,TD7,2026-12-01,175.0
GFI,M,2026-08-21,TD8,2026-12-01,240.0
GFI,M,2026-08-21,TD25,2026-12-01,
GFI,M,2026-08-21,TD22,2026-12-01,22.5
GFI,M,2026-08-21,TD19,2026-12-01,150.0
GFI,Q,2026-08-21,TD3C,2026-10-01,397.67
GFI,Q,2026-08-21,TD20,2026-10-01,14.5
GFI,Q,2026-08-21,TD7,2026-10-01,185.0
GFI,Q,2026-08-21,TD8,2026-10-01,260.0
GFI,Q,2026-08-21,TD25,2026-10-01,137.37
GFI,Q,2026-08-21,TD22,2026-10-01,23.0
GFI,Q,2026-08-21,TD19,2026-10-01,156.0
GFI,Q,2026-08-21,TD3C,2027-01-01,465.12
GFI,Q,2026-08-21,TD20,2027-01-01,82.45
GFI,Q,2026-08-21,TD7,2027-01-01,156.96
GFI,Q,2026-08-21,TD8,2027-01-01,160.83
GFI,Q,2026-08-21,TD25,2027-01-01,238.23
GFI,Q,2026-08-21,TD22,2027-01-01,22.0
GFI,Q,2026-08-21,TD19,2027-01-01,122.51
GFI,Q,2026-08-21,TD3C,2027-04-01,81.0
GFI,Q,2026-08-21,TD20,2027-04-01,78.68
GFI,Q,2026-08-21,TD7,2027-04-01,14.7
GFI,Q,2026-08-21,TD8,2027-04-01,20.5
GFI,Q,2026-08-21,TD25,2027-04-01,27.61
GFI,Q,2026-08-21,TD22,2027-04-01,74.07
GFI,Q,2026-08-21,TD19,2027-04-01,13.25
GFI,A,2026-08-21,TD3C,2027-01-01,67.0
GFI,A,2026-08-21,TD20,2027-01-01,76.8
GFI,A,2026-08-21,TD7,2027-01-01,15.0
GFI,A,2026-08-21,TD8,2027-01-01,20.82
GFI,A,2026-08-21,TD25,2027-01-01,25.47
GFI,A,2026-08-21,TD22,2027-01-01,67.59
GFI,A,2026-08-21,TD19,2027-01-01,14.0
GFI,A,2026-08-21,TD3C,2028-01-01,25.5
GFI,A,2026-08-21,TD20,2028-01-01,66.61
GFI,A,2026-08-21,TD7,2028-01-01,13.0
GFI,A,2026-08-21,TD8,2028-01-01,20.25
GFI,A,2026-08-21,TD25,2028-01-01,23.23
GFI,A,2026-08-21,TD22,2028-01-01,48.15
GFI,A,2026-08-21,TD19,2028-01-01,13.55
GFI,BITR,2026-08-24,TD3C,2026-08-01,605.56
GFI,BITR,2026-08-24,TD20,2026-08-01,305.28
GFI,BITR,2026-08-24,TD7,2026-08-01,205.42
GFI,BITR,2026-08-24,TD8,2026-08-01,347.92
GFI,BITR,2026-08-24,TD25,2026-08-01,309.44
GFI,BITR,2026-08-24,TD22,2026-08-01,24355556.0
GFI,BITR,2026-08-24,TD19,2026-08-01,262.5
GFI,MTD,2026-08-24,TD3C,2026-08-01,499.47
GFI,MTD,2026-08-24,TD20,2026-08-01,245.46
GFI,MTD,2026-08-24,TD7,2026-08-01,206.02
GFI,MTD,2026-08-24,TD8,2026-08-01,330.25
GFI,MTD,2026-08-24,TD25,2026-08-01,339.95
GFI,MTD,2026-08-24,TD22,2026-08-01,20235840.25
GFI,MTD,2026-08-24,TD19,2026-08-01,234.35
GFI,M,2026-08-24,TD3C,2026-08-01,522.5
GFI,M,2026-08-24,TD20,2026-08-01,13.4
GFI,M,2026-08-24,TD7,2026-08-01,205.0
GFI,M,2026-08-24,TD8,2026-08-01,400.0
GFI,M,2026-08-24,TD25,2026-08-01,123.86
GFI,M,2026-08-24,TD22,2026-08-01,21.2
GFI,M,2026-08-24,TD19,2026-08-01,230.0
GFI,M,2026-08-24,TD3C,2026-09-01,675.0
GFI,M,2026-08-24,TD20,2026-09-01,
GFI,M,2026-08-24,TD7,2026-09-01,200.0
GFI,M,2026-08-24,TD8,2026-09-01,350.0
GFI,M,2026-08-24,TD25,2026-09-01,
GFI,M,2026-08-24,TD22,2026-09-01,25.0
GFI,M,2026-08-24,TD19,2026-09-01,200.0
GFI,M,2026-08-24,TD3C,2026-10-01,630.0
GFI,M,2026-08-24,TD20,2026-10-01,
GFI,M,2026-08-24,TD7,2026-10-01,195.0
GFI,M,2026-08-24,TD8,2026-10-01,280.0
GFI,M,2026-08-24,TD25,2026-10-01,
GFI,M,2026-08-24,TD22,2026-10-01,24.0
GFI,M,2026-08-24,TD19,2026-10-01,165.0
GFI,M,2026-08-24,TD3C,2026-11-01,570.0
GFI,M,2026-08-24,TD20,2026-11-01,
GFI,M,2026-08-24,TD7,2026-11-01,185.0
GFI,M,2026-08-24,TD8,2026-11-01,260.0
GFI,M,2026-08-24,TD25,2026-11-01,
GFI,M,2026-08-24,TD22,2026-11-01,22.5
GFI,M,2026-08-24,TD19,2026-11-01,153.0
GFI,M,2026-08-24,TD3C,2026-12-01,550.0
GFI,M,2026-08-24,TD20,2026-12-01,
GFI,M,2026-08-24,TD7,2026-12-01,175.0
GFI,M,2026-08-24,TD8,2026-12-01,240.0
GFI,M,2026-08-24,TD25,2026-12-01,
GFI,M,2026-08-24,TD22,2026-12-01,22.5
GFI,M,2026-08-24,TD19,2026-12-01,150.0
GFI,Q,2026-08-24,TD3C,2026-10-01,583.33
GFI,Q,2026-08-24,TD20,2026-10-01,14.5
GFI,Q,2026-08-24,TD7,2026-10-01,185.0
GFI,Q,2026-08-24,TD8,2026-10-01,260.0
GFI,Q,2026-08-24,TD25,2026-10-01,137.37
GFI,Q,2026-08-24,TD22,2026-10-01,23.0
GFI,Q,2026-08-24,TD19,2026-10-01,156.0
GFI,Q,2026-08-24,TD3C,2027-01-01,470.06
GFI,Q,2026-08-24,TD20,2027-01-01,82.45
GFI,Q,2026-08-24,TD7,2027-01-01,156.96
GFI,Q,2026-08-24,TD8,2027-01-01,160.83
GFI,Q,2026-08-24,TD25,2027-01-01,238.23
GFI,Q,2026-08-24,TD22,2027-01-01,22.0
GFI,Q,2026-08-24,TD19,2027-01-01,122.51
GFI,Q,2026-08-24,TD3C,2027-04-01,82.0
GFI,Q,2026-08-24,TD20,2027-04-01,78.68
GFI,Q,2026-08-24,TD7,2027-04-01,14.7
GFI,Q,2026-08-24,TD8,2027-04-01,20.5
GFI,Q,2026-08-24,TD25,2027-04-01,27.61
GFI,Q,2026-08-24,TD22,2027-04-01,74.07
GFI,Q,2026-08-24,TD19,2027-04-01,13.25
GFI,A,2026-08-24,TD3C,2027-01-01,69.5
GFI,A,2026-08-24,TD20,2027-01-01,76.8
GFI,A,2026-08-24,TD7,2027-01-01,15.0
GFI,A,2026-08-24,TD8,2027-01-01,20.82
GFI,A,2026-08-24,TD25,2027-01-01,25.47
GFI,A,2026-08-24,TD22,2027-01-01,67.59
GFI,A,2026-08-24,TD19,2027-01-01,14.0
GFI,A,2026-08-24,TD3C,2028-01-01,26.0
GFI,A,2026-08-24,TD20,2028-01-01,66.61
GFI,A,2026-08-24,TD7,2028-01-01,13.0
GFI,A,2026-08-24,TD8,2028-01-01,20.25
GFI,A,2026-08-24,TD25,2028-01-01,23.23
GFI,A,2026-08-24,TD22,2028-01-01,48.15
GFI,A,2026-08-24,TD19,2028-01-01,13.55
GFI,BITR,2026-08-25,TD3C,2026-08-01,609.44
GFI,BITR,2026-08-25,TD20,2026-08-01,274.44
GFI,BITR,2026-08-25,TD7,2026-08-01,214.17
GFI,BITR,2026-08-25,TD8,2026-08-01,358.33
GFI,BITR,2026-08-25,TD25,2026-08-01,268.33
GFI,BITR,2026-08-25,TD22,2026-08-01,25000000.0
GFI,BITR,2026-08-25,TD19,2026-08-01,268.72
GFI,MTD,2026-08-25,TD3C,2026-08-01,505.94
GFI,MTD,2026-08-25,TD20,2026-08-01,247.16
GFI,MTD,2026-08-25,TD7,2026-08-01,206.5
GFI,MTD,2026-08-25,TD8,2026-08-01,332.01
GFI,MTD,2026-08-25,TD25,2026-08-01,335.74
GFI,MTD,2026-08-25,TD22,2026-08-01,20516084.94
GFI,MTD,2026-08-25,TD19,2026-08-01,236.37
GFI,M,2026-08-25,TD3C,2026-08-01,522.5
GFI,M,2026-08-25,TD20,2026-08-01,13.4
GFI,M,2026-08-25,TD7,2026-08-01,207.5
GFI,M,2026-08-25,TD8,2026-08-01,330.0
GFI,M,2026-08-25,TD25,2026-08-01,123.86
GFI,M,2026-08-25,TD22,2026-08-01,21.2
GFI,M,2026-08-25,TD19,2026-08-01,230.0
GFI,M,2026-08-25,TD3C,2026-09-01,660.0
GFI,M,2026-08-25,TD20,2026-09-01,
GFI,M,2026-08-25,TD7,2026-09-01,195.0
GFI,M,2026-08-25,TD8,2026-09-01,350.0
GFI,M,2026-08-25,TD25,2026-09-01,
GFI,M,2026-08-25,TD22,2026-09-01,25.5
GFI,M,2026-08-25,TD19,2026-09-01,200.0
GFI,M,2026-08-25,TD3C,2026-10-01,620.0
GFI,M,2026-08-25,TD20,2026-10-01,
GFI,M,2026-08-25,TD7,2026-10-01,192.5
GFI,M,2026-08-25,TD8,2026-10-01,280.0
GFI,M,2026-08-25,TD25,2026-10-01,
GFI,M,2026-08-25,TD22,2026-10-01,24.5
GFI,M,2026-08-25,TD19,2026-10-01,165.0
GFI,M,2026-08-25,TD3C,2026-11-01,575.0
GFI,M,2026-08-25,TD20,2026-11-01,
GFI,M,2026-08-25,TD7,2026-11-01,182.5
GFI,M,2026-08-25,TD8,2026-11-01,260.0
GFI,M,2026-08-25,TD25,2026-11-01,
GFI,M,2026-08-25,TD22,2026-11-01,22.75
GFI,M,2026-08-25,TD19,2026-11-01,153.0
GFI,M,2026-08-25,TD3C,2026-12-01,560.0
GFI,M,2026-08-25,TD20,2026-12-01,
GFI,M,2026-08-25,TD7,2026-12-01,172.5
GFI,M,2026-08-25,TD8,2026-12-01,240.0
GFI,M,2026-08-25,TD25,2026-12-01,
GFI,M,2026-08-25,TD22,2026-12-01,22.5
GFI,M,2026-08-25,TD19,2026-12-01,150.0
GFI,Q,2026-08-25,TD3C,2026-10-01,585.0
GFI,Q,2026-08-25,TD20,2026-10-01,14.5
GFI,Q,2026-08-25,TD7,2026-10-01,182.5
GFI,Q,2026-08-25,TD8,2026-10-01,260.0
GFI,Q,2026-08-25,TD25,2026-10-01,137.37
GFI,Q,2026-08-25,TD22,2026-10-01,23.25
GFI,Q,2026-08-25,TD19,2026-10-01,156.0
GFI,Q,2026-08-25,TD3C,2027-01-01,479.96
GFI,Q,2026-08-25,TD20,2027-01-01,82.45
GFI,Q,2026-08-25,TD7,2027-01-01,155.97
GFI,Q,2026-08-25,TD8,2027-01-01,160.83
GFI,Q,2026-08-25,TD25,2027-01-01,238.23
GFI,Q,2026-08-25,TD22,2027-01-01,22.0
GFI,Q,2026-08-25,TD19,2027-01-01,122.51
GFI,Q,2026-08-25,TD3C,2027-04-01,84.0
GFI,Q,2026-08-25,TD20,2027-04-01,78.68
GFI,Q,2026-08-25,TD7,2027-04-01,14.6
GFI,Q,2026-08-25,TD8,2027-04-01,20.5
GFI,Q,2026-08-25,TD25,2027-04-01,27.61
GFI,Q,2026-08-25,TD22,2027-04-01,74.07
GFI,Q,2026-08-25,TD19,2027-04-01,13.25
GFI,A,2026-08-25,TD3C,2027-01-01,74.5
GFI,A,2026-08-25,TD20,2027-01-01,76.8
GFI,A,2026-08-25,TD7,2027-01-01,14.9
GFI,A,2026-08-25,TD8,2027-01-01,20.82
GFI,A,2026-08-25,TD25,2027-01-01,25.47
GFI,A,2026-08-25,TD22,2027-01-01,67.59
GFI,A,2026-08-25,TD19,2027-01-01,14.0
GFI,A,2026-08-25,TD3C,2028-01-01,29.0
GFI,A,2026-08-25,TD20,2028-01-01,66.61
GFI,A,2026-08-25,TD7,2028-01-01,13.0
GFI,A,2026-08-25,TD8,2028-01-01,20.25
GFI,A,2026-08-25,TD25,2028-01-01,23.23
GFI,A,2026-08-25,TD22,2028-01-01,48.15
GFI,A,2026-08-25,TD19,2028-01-01,13.55
GFI,BITR,2026-08-26,TD3C,2026-08-01,619.44
GFI,BITR,2026-08-26,TD20,2026-08-01,264.17
GFI,BITR,2026-08-26,TD7,2026-08-01,216.25
GFI,BITR,2026-08-26,TD8,2026-08-01,360.83
GFI,BITR,2026-08-26,TD25,2026-08-01,230.28
GFI,BITR,2026-08-26,TD22,2026-08-01,24850000.0
GFI,BITR,2026-08-26,TD19,2026-08-01,270.11
GFI,MTD,2026-08-26,TD3C,2026-08-01,512.24
GFI,MTD,2026-08-26,TD20,2026-08-01,248.11
GFI,MTD,2026-08-26,TD7,2026-08-01,207.04
GFI,MTD,2026-08-26,TD8,2026-08-01,333.56
GFI,MTD,2026-08-26,TD25,2026-08-01,329.88
GFI,MTD,2026-08-26,TD22,2026-08-01,20756858.0
GFI,MTD,2026-08-26,TD19,2026-08-01,238.25
GFI,M,2026-08-26,TD3C,2026-08-01,521.0
GFI,M,2026-08-26,TD20,2026-08-01,13.4
GFI,M,2026-08-26,TD7,2026-08-01,207.5
GFI,M,2026-08-26,TD8,2026-08-01,345.0
GFI,M,2026-08-26,TD25,2026-08-01,123.86
GFI,M,2026-08-26,TD22,2026-08-01,21.2
GFI,M,2026-08-26,TD19,2026-08-01,230.0
GFI,M,2026-08-26,TD3C,2026-09-01,590.0
GFI,M,2026-08-26,TD20,2026-09-01,
GFI,M,2026-08-26,TD7,2026-09-01,195.0
GFI,M,2026-08-26,TD8,2026-09-01,350.0
GFI,M,2026-08-26,TD25,2026-09-01,
GFI,M,2026-08-26,TD22,2026-09-01,25.5
GFI,M,2026-08-26,TD19,2026-09-01,200.0
GFI,M,2026-08-26,TD3C,2026-10-01,540.0
GFI,M,2026-08-26,TD20,2026-10-01,
GFI,M,2026-08-26,TD7,2026-10-01,192.5
GFI,M,2026-08-26,TD8,2026-10-01,280.0
GFI,M,2026-08-26,TD25,2026-10-01,
GFI,M,2026-08-26,TD22,2026-10-01,24.5
GFI,M,2026-08-26,TD19,2026-10-01,165.0
GFI,M,2026-08-26,TD3C,2026-11-01,520.0
GFI,M,2026-08-26,TD20,2026-11-01,
GFI,M,2026-08-26,TD7,2026-11-01,182.5
GFI,M,2026-08-26,TD8,2026-11-01,260.0
GFI,M,2026-08-26,TD25,2026-11-01,
GFI,M,2026-08-26,TD22,2026-11-01,22.75
GFI,M,2026-08-26,TD19,2026-11-01,153.0
GFI,M,2026-08-26,TD3C,2026-12-01,500.0
GFI,M,2026-08-26,TD20,2026-12-01,
GFI,M,2026-08-26,TD7,2026-12-01,172.5
GFI,M,2026-08-26,TD8,2026-12-01,240.0
GFI,M,2026-08-26,TD25,2026-12-01,
GFI,M,2026-08-26,TD22,2026-12-01,22.5
GFI,M,2026-08-26,TD19,2026-12-01,150.0
GFI,Q,2026-08-26,TD3C,2026-10-01,520.0
GFI,Q,2026-08-26,TD20,2026-10-01,14.5
GFI,Q,2026-08-26,TD7,2026-10-01,182.5
GFI,Q,2026-08-26,TD8,2026-10-01,260.0
GFI,Q,2026-08-26,TD25,2026-10-01,137.37
GFI,Q,2026-08-26,TD22,2026-10-01,23.25
GFI,Q,2026-08-26,TD19,2026-10-01,156.0
GFI,Q,2026-08-26,TD3C,2027-01-01,373.58
GFI,Q,2026-08-26,TD20,2027-01-01,82.45
GFI,Q,2026-08-26,TD7,2027-01-01,155.97
GFI,Q,2026-08-26,TD8,2027-01-01,160.83
GFI,Q,2026-08-26,TD25,2027-01-01,238.23
GFI,Q,2026-08-26,TD22,2027-01-01,22.0
GFI,Q,2026-08-26,TD19,2027-01-01,122.51
GFI,Q,2026-08-26,TD3C,2027-04-01,64.0
GFI,Q,2026-08-26,TD20,2027-04-01,78.68
GFI,Q,2026-08-26,TD7,2027-04-01,14.6
GFI,Q,2026-08-26,TD8,2027-04-01,20.5
GFI,Q,2026-08-26,TD25,2027-04-01,27.61
GFI,Q,2026-08-26,TD22,2027-04-01,74.07
GFI,Q,2026-08-26,TD19,2027-04-01,13.25
GFI,A,2026-08-26,TD3C,2027-01-01,58.0
GFI,A,2026-08-26,TD20,2027-01-01,76.8
GFI,A,2026-08-26,TD7,2027-01-01,14.9
GFI,A,2026-08-26,TD8,2027-01-01,20.82
GFI,A,2026-08-26,TD25,2027-01-01,25.47
GFI,A,2026-08-26,TD22,2027-01-01,67.59
GFI,A,2026-08-26,TD19,2027-01-01,14.0
GFI,A,2026-08-26,TD3C,2028-01-01,27.25
GFI,A,2026-08-26,TD20,2028-01-01,66.61
GFI,A,2026-08-26,TD7,2028-01-01,13.0
GFI,A,2026-08-26,TD8,2028-01-01,20.25
GFI,A,2026-08-26,TD25,2028-01-01,23.23
GFI,A,2026-08-26,TD22,2028-01-01,48.15
GFI,A,2026-08-26,TD19,2028-01-01,13.55
GFI,BITR,2026-08-27,TD3C,2026-08-01,623.33
GFI,BITR,2026-08-27,TD20,2026-08-01,237.78
GFI,BITR,2026-08-27,TD7,2026-08-01,213.75
GFI,BITR,2026-08-27,TD8,2026-08-01,360.42
GFI,BITR,2026-08-27,TD25,2026-08-01,201.67
GFI,BITR,2026-08-27,TD22,2026-08-01,24600000.0
GFI,BITR,2026-08-27,TD19,2026-08-01,268.0
GFI,MTD,2026-08-27,TD3C,2026-08-01,518.09
GFI,MTD,2026-08-27,TD20,2026-08-01,247.56
GFI,MTD,2026-08-27,TD7,2026-08-01,207.39
GFI,MTD,2026-08-27,TD8,2026-08-01,335.05
GFI,MTD,2026-08-27,TD25,2026-08-01,323.13
GFI,MTD,2026-08-27,TD22,2026-08-01,20959128.63
GFI,MTD,2026-08-27,TD19,2026-08-01,239.81
GFI,M,2026-08-27,TD3C,2026-08-01,523.5
GFI,M,2026-08-27,TD20,2026-08-01,13.4
GFI,M,2026-08-27,TD7,2026-08-01,207.5
GFI,M,2026-08-27,TD8,2026-08-01,345.0
GFI,M,2026-08-27,TD25,2026-08-01,123.86
GFI,M,2026-08-27,TD22,2026-08-01,21.2
GFI,M,2026-08-27,TD19,2026-08-01,230.0
GFI,M,2026-08-27,TD3C,2026-09-01,600.0
GFI,M,2026-08-27,TD20,2026-09-01,
GFI,M,2026-08-27,TD7,2026-09-01,195.0
GFI,M,2026-08-27,TD8,2026-09-01,350.0
GFI,M,2026-08-27,TD25,2026-09-01,
GFI,M,2026-08-27,TD22,2026-09-01,25.5
GFI,M,2026-08-27,TD19,2026-09-01,200.0
GFI,M,2026-08-27,TD3C,2026-10-01,550.0
GFI,M,2026-08-27,TD20,2026-10-01,
GFI,M,2026-08-27,TD7,2026-10-01,192.5
GFI,M,2026-08-27,TD8,2026-10-01,280.0
GFI,M,2026-08-27,TD25,2026-10-01,
GFI,M,2026-08-27,TD22,2026-10-01,24.5
GFI,M,2026-08-27,TD19,2026-10-01,165.0
GFI,M,2026-08-27,TD3C,2026-11-01,530.0
GFI,M,2026-08-27,TD20,2026-11-01,
GFI,M,2026-08-27,TD7,2026-11-01,182.5
GFI,M,2026-08-27,TD8,2026-11-01,260.0
GFI,M,2026-08-27,TD25,2026-11-01,
GFI,M,2026-08-27,TD22,2026-11-01,22.75
GFI,M,2026-08-27,TD19,2026-11-01,153.0
GFI,M,2026-08-27,TD3C,2026-12-01,510.0
GFI,M,2026-08-27,TD20,2026-12-01,
GFI,M,2026-08-27,TD7,2026-12-01,172.5
GFI,M,2026-08-27,TD8,2026-12-01,240.0
GFI,M,2026-08-27,TD25,2026-12-01,
GFI,M,2026-08-27,TD22,2026-12-01,22.5
GFI,M,2026-08-27,TD19,2026-12-01,150.0
GFI,Q,2026-08-27,TD3C,2026-10-01,530.0
GFI,Q,2026-08-27,TD20,2026-10-01,14.5
GFI,Q,2026-08-27,TD7,2026-10-01,182.5
GFI,Q,2026-08-27,TD8,2026-10-01,260.0
GFI,Q,2026-08-27,TD25,2026-10-01,137.37
GFI,Q,2026-08-27,TD22,2026-10-01,23.25
GFI,Q,2026-08-27,TD19,2026-10-01,156.0
GFI,Q,2026-08-27,TD3C,2027-01-01,425.53
GFI,Q,2026-08-27,TD20,2027-01-01,82.45
GFI,Q,2026-08-27,TD7,2027-01-01,155.97
GFI,Q,2026-08-27,TD8,2027-01-01,160.83
GFI,Q,2026-08-27,TD25,2027-01-01,238.23
GFI,Q,2026-08-27,TD22,2027-01-01,22.0
GFI,Q,2026-08-27,TD19,2027-01-01,122.51
GFI,Q,2026-08-27,TD3C,2027-04-01,71.0
GFI,Q,2026-08-27,TD20,2027-04-01,78.68
GFI,Q,2026-08-27,TD7,2027-04-01,14.6
GFI,Q,2026-08-27,TD8,2027-04-01,20.5
GFI,Q,2026-08-27,TD25,2027-04-01,27.61
GFI,Q,2026-08-27,TD22,2027-04-01,74.07
GFI,Q,2026-08-27,TD19,2027-04-01,13.25
GFI,A,2026-08-27,TD3C,2027-01-01,62.5
GFI,A,2026-08-27,TD20,2027-01-01,76.8
GFI,A,2026-08-27,TD7,2027-01-01,14.9
GFI,A,2026-08-27,TD8,2027-01-01,20.82
GFI,A,2026-08-27,TD25,2027-01-01,25.47
GFI,A,2026-08-27,TD22,2027-01-01,67.59
GFI,A,2026-08-27,TD19,2027-01-01,14.0
GFI,A,2026-08-27,TD3C,2028-01-01,27.85
GFI,A,2026-08-27,TD20,2028-01-01,66.61
GFI,A,2026-08-27,TD7,2028-01-01,13.0
GFI,A,2026-08-27,TD8,2028-01-01,20.25
GFI,A,2026-08-27,TD25,2028-01-01,23.23
GFI,A,2026-08-27,TD22,2028-01-01,48.15
GFI,A,2026-08-27,TD19,2028-01-01,13.55
GFI,BITR,2026-08-28,TD3C,2026-08-01,631.67
GFI,BITR,2026-08-28,TD20,2026-08-01,212.78
GFI,BITR,2026-08-28,TD7,2026-08-01,211.25
GFI,BITR,2026-08-28,TD8,2026-08-01,360.0
GFI,BITR,2026-08-28,TD25,2026-08-01,216.67
GFI,BITR,2026-08-28,TD22,2026-08-01,24333333.0
GFI,BITR,2026-08-28,TD19,2026-08-01,265.56
GFI,MTD,2026-08-28,TD3C,2026-08-01,523.77
GFI,MTD,2026-08-28,TD20,2026-08-01,245.82
GFI,MTD,2026-08-28,TD7,2026-08-01,207.58
GFI,MTD,2026-08-28,TD8,2026-08-01,336.36
GFI,MTD,2026-08-28,TD25,2026-08-01,317.81
GFI,MTD,2026-08-28,TD22,2026-08-01,21127838.85
GFI,MTD,2026-08-28,TD19,2026-08-01,241.1
GFI,M,2026-08-28,TD3C,2026-08-01,523.5
GFI,M,2026-08-28,TD20,2026-08-01,13.4
GFI,M,2026-08-28,TD7,2026-08-01,207.5
GFI,M,2026-08-28,TD8,2026-08-01,345.0
GFI,M,2026-08-28,TD25,2026-08-01,123.86
GFI,M,2026-08-28,TD22,2026-08-01,21.2
GFI,M,2026-08-28,TD19,2026-08-01,230.0
GFI,M,2026-08-28,TD3C,2026-09-01,600.0
GFI,M,2026-08-28,TD20,2026-09-01,
GFI,M,2026-08-28,TD7,2026-09-01,195.0
GFI,M,2026-08-28,TD8,2026-09-01,350.0
GFI,M,2026-08-28,TD25,2026-09-01,
GFI,M,2026-08-28,TD22,2026-09-01,25.5
GFI,M,2026-08-28,TD19,2026-09-01,200.0
GFI,M,2026-08-28,TD3C,2026-10-01,554.0
GFI,M,2026-08-28,TD20,2026-10-01,
GFI,M,2026-08-28,TD7,2026-10-01,192.5
GFI,M,2026-08-28,TD8,2026-10-01,280.0
GFI,M,2026-08-28,TD25,2026-10-01,
GFI,M,2026-08-28,TD22,2026-10-01,24.5
GFI,M,2026-08-28,TD19,2026-10-01,165.0
GFI,M,2026-08-28,TD3C,2026-11-01,534.0
GFI,M,2026-08-28,TD20,2026-11-01,
GFI,M,2026-08-28,TD7,2026-11-01,182.5
GFI,M,2026-08-28,TD8,2026-11-01,260.0
GFI,M,2026-08-28,TD25,2026-11-01,
GFI,M,2026-08-28,TD22,2026-11-01,22.75
GFI,M,2026-08-28,TD19,2026-11-01,153.0
GFI,M,2026-08-28,TD3C,2026-12-01,514.0
GFI,M,2026-08-28,TD20,2026-12-01,
GFI,M,2026-08-28,TD7,2026-12-01,172.5
GFI,M,2026-08-28,TD8,2026-12-01,240.0
GFI,M,2026-08-28,TD25,2026-12-01,
GFI,M,2026-08-28,TD22,2026-12-01,22.5
GFI,M,2026-08-28,TD19,2026-12-01,150.0
GFI,Q,2026-08-28,TD3C,2026-10-01,534.0
GFI,Q,2026-08-28,TD20,2026-10-01,14.5
GFI,Q,2026-08-28,TD7,2026-10-01,182.5
GFI,Q,2026-08-28,TD8,2026-10-01,260.0
GFI,Q,2026-08-28,TD25,2026-10-01,137.37
GFI,Q,2026-08-28,TD22,2026-10-01,23.25
GFI,Q,2026-08-28,TD19,2026-10-01,156.0
GFI,Q,2026-08-28,TD3C,2027-01-01,415.64
GFI,Q,2026-08-28,TD20,2027-01-01,82.45
GFI,Q,2026-08-28,TD7,2027-01-01,155.97
GFI,Q,2026-08-28,TD8,2027-01-01,160.83
GFI,Q,2026-08-28,TD25,2027-01-01,238.23
GFI,Q,2026-08-28,TD22,2027-01-01,22.0
GFI,Q,2026-08-28,TD19,2027-01-01,122.51
GFI,Q,2026-08-28,TD3C,2027-04-01,68.0
GFI,Q,2026-08-28,TD20,2027-04-01,78.68
GFI,Q,2026-08-28,TD7,2027-04-01,14.6
GFI,Q,2026-08-28,TD8,2027-04-01,20.5
GFI,Q,2026-08-28,TD25,2027-04-01,27.61
GFI,Q,2026-08-28,TD22,2027-04-01,74.07
GFI,Q,2026-08-28,TD19,2027-04-01,13.25
GFI,A,2026-08-28,TD3C,2027-01-01,61.5
GFI,A,2026-08-28,TD20,2027-01-01,76.8
GFI,A,2026-08-28,TD7,2027-01-01,14.9
GFI,A,2026-08-28,TD8,2027-01-01,20.82
GFI,A,2026-08-28,TD25,2027-01-01,25.47
GFI,A,2026-08-28,TD22,2027-01-01,67.59
GFI,A,2026-08-28,TD19,2027-01-01,14.0
GFI,A,2026-08-28,TD3C,2028-01-01,27.85
GFI,A,2026-08-28,TD20,2028-01-01,66.61
GFI,A,2026-08-28,TD7,2028-01-01,13.0
GFI,A,2026-08-28,TD8,2028-01-01,20.25
GFI,A,2026-08-28,TD25,2028-01-01,23.23
GFI,A,2026-08-28,TD22,2028-01-01,48.15
GFI,A,2026-08-28,TD19,2028-01-01,13.55
GFI,BITR,2026-09-01,TD3C,2026-08-01,651.67
GFI,BITR,2026-09-01,TD20,2026-08-01,186.39
GFI,BITR,2026-09-01,TD7,2026-08-01,208.33
GFI,BITR,2026-09-01,TD8,2026-08-01,359.17
GFI,BITR,2026-09-01,TD25,2026-08-01,219.44
GFI,BITR,2026-09-01,TD22,2026-08-01,24527778.00
GFI,BITR,2026-09-01,TD19,2026-08-01,235.44
GFI,MTD,2026-09-01,TD3C,2026-08-01,651.67
GFI,MTD,2026-09-01,TD20,2026-08-01,186.39
GFI,MTD,2026-09-01,TD7,2026-08-01,208.33
GFI,MTD,2026-09-01,TD8,2026-08-01,359.17
GFI,MTD,2026-09-01,TD25,2026-08-01,219.44
GFI,MTD,2026-09-01,TD22,2026-08-01,24527778.00
GFI,MTD,2026-09-01,TD19,2026-08-01,235.44
GFI,M,2026-09-01,TD3C,2026-09-01,630.00
GFI,M,2026-09-01,TD20,2026-09-01,
GFI,M,2026-09-01,TD7,2026-09-01,195.00
GFI,M,2026-09-01,TD8,2026-09-01,350.00
GFI,M,2026-09-01,TD25,2026-09-01,
GFI,M,2026-09-01,TD22,2026-09-01,25.50
GFI,M,2026-09-01,TD19,2026-09-01,200.00
GFI,M,2026-09-01,TD3C,2026-10-01,600.00
GFI,M,2026-09-01,TD20,2026-10-01,
GFI,M,2026-09-01,TD7,2026-10-01,192.50
GFI,M,2026-09-01,TD8,2026-10-01,280.00
GFI,M,2026-09-01,TD25,2026-10-01,
GFI,M,2026-09-01,TD22,2026-10-01,24.50
GFI,M,2026-09-01,TD19,2026-10-01,165.00
GFI,M,2026-09-01,TD3C,2026-11-01,570.00
GFI,M,2026-09-01,TD20,2026-11-01,
GFI,M,2026-09-01,TD7,2026-11-01,182.50
GFI,M,2026-09-01,TD8,2026-11-01,260.00
GFI,M,2026-09-01,TD25,2026-11-01,
GFI,M,2026-09-01,TD22,2026-11-01,22.75
GFI,M,2026-09-01,TD19,2026-11-01,153.00
GFI,M,2026-09-01,TD3C,2026-12-01,540.00
GFI,M,2026-09-01,TD20,2026-12-01,
GFI,M,2026-09-01,TD7,2026-12-01,172.50
GFI,M,2026-09-01,TD8,2026-12-01,240.00
GFI,M,2026-09-01,TD25,2026-12-01,
GFI,M,2026-09-01,TD22,2026-12-01,22.50
GFI,M,2026-09-01,TD19,2026-12-01,150.00
GFI,M,2026-09-01,TD3C,2027-01-01,445.32
GFI,M,2026-09-01,TD20,2027-01-01,
GFI,M,2026-09-01,TD7,2027-01-01,160.91
GFI,M,2026-09-01,TD8,2027-01-01,167.98
GFI,M,2026-09-01,TD25,2027-01-01,
GFI,M,2026-09-01,TD22,2027-01-01,22.25
GFI,M,2026-09-01,TD19,2027-01-01,130.81
GFI,Q,2026-09-01,TD3C,2026-10-01,570.00
GFI,Q,2026-09-01,TD20,2026-10-01,14.50
GFI,Q,2026-09-01,TD7,2026-10-01,182.50
GFI,Q,2026-09-01,TD8,2026-10-01,260.00
GFI,Q,2026-09-01,TD25,2026-10-01,137.37
GFI,Q,2026-09-01,TD22,2026-10-01,23.25
GFI,Q,2026-09-01,TD19,2026-10-01,156.00
GFI,Q,2026-09-01,TD3C,2027-01-01,428.01
GFI,Q,2026-09-01,TD20,2027-01-01,82.45
GFI,Q,2026-09-01,TD7,2027-01-01,155.97
GFI,Q,2026-09-01,TD8,2027-01-01,160.83
GFI,Q,2026-09-01,TD25,2027-01-01,238.23
GFI,Q,2026-09-01,TD22,2027-01-01,22.00
GFI,Q,2026-09-01,TD19,2027-01-01,122.51
GFI,Q,2026-09-01,TD3C,2027-04-01,68.50
GFI,Q,2026-09-01,TD20,2027-04-01,78.68
GFI,Q,2026-09-01,TD7,2027-04-01,14.60
GFI,Q,2026-09-01,TD8,2027-04-01,20.50
GFI,Q,2026-09-01,TD25,2027-04-01,27.61
GFI,Q,2026-09-01,TD22,2027-04-01,74.07
GFI,Q,2026-09-01,TD19,2027-04-01,13.25
GFI,A,2026-09-01,TD3C,2027-01-01,63.00
GFI,A,2026-09-01,TD20,2027-01-01,76.80
GFI,A,2026-09-01,TD7,2027-01-01,14.90
GFI,A,2026-09-01,TD8,2027-01-01,20.82
GFI,A,2026-09-01,TD25,2027-01-01,25.47
GFI,A,2026-09-01,TD22,2027-01-01,67.59
GFI,A,2026-09-01,TD19,2027-01-01,14.00
GFI,A,2026-09-01,TD3C,2028-01-01,27.85
GFI,A,2026-09-01,TD20,2028-01-01,66.61
GFI,A,2026-09-01,TD7,2028-01-01,13.00
GFI,A,2026-09-01,TD8,2028-01-01,20.25
GFI,A,2026-09-01,TD25,2028-01-01,23.23
GFI,A,2026-09-01,TD22,2028-01-01,48.15
GFI,A,2026-09-01,TD19,2028-01-01,13.55
